model,suction_amp,cyclic_amp,min_saturation,max_saturation,final_hydraulic_damage,final_seismic_damage,stiffness_loss_pct,max_abs_stress_kpa,final_plastic_strain_index,plastic_strain_delta_vs_constant,plastic_strain_ratio_vs_constant,stiffness_loss_delta_pct
constant_suction,0.0,0.02,0.49875957658091874,0.49875957658091874,0.0,0.0,0.0,500.2709230120529,0.0,0.0,,0.0
constant_suction,0.0,0.04,0.49875957658091874,0.49875957658091874,0.0,0.0,0.0,500.27392300489356,0.0,0.0,,0.0
constant_suction,0.0,0.08,0.49875957658091874,0.49875957658091874,0.0,0.0,0.0,500.27992299057485,0.0,0.0,,0.0
constant_suction,0.0,0.12,0.49875957658091874,0.49875957658091874,0.0,0.0,0.0,500.2859229762562,0.0,0.0,,0.0
constant_suction,0.0,0.16,0.49875957658091874,0.49875957658091874,0.0,0.0,0.0,500.2919229619375,0.0,0.0,,0.0
constant_suction,0.0,0.2,0.49875957658091874,0.49875957658091874,0.0,0.0,0.0,500.2979229476188,0.0001646222367830725,0.0,1.0,0.0
constant_suction,2.5,0.02,0.49875957658091874,0.49875957658091874,0.0,0.0,0.0,500.2709230120529,0.0,0.0,,0.0
constant_suction,2.5,0.04,0.49875957658091874,0.49875957658091874,0.0,0.0,0.0,500.27392300489356,0.0,0.0,,0.0
constant_suction,2.5,0.08,0.49875957658091874,0.49875957658091874,0.0,0.0,0.0,500.27992299057485,0.0,0.0,,0.0
constant_suction,2.5,0.12,0.49875957658091874,0.49875957658091874,0.0,0.0,0.0,500.2859229762562,0.0,0.0,,0.0
constant_suction,2.5,0.16,0.49875957658091874,0.49875957658091874,0.0,0.0,0.0,500.2919229619375,0.0,0.0,,0.0
constant_suction,2.5,0.2,0.49875957658091874,0.49875957658091874,0.0,0.0,0.0,500.2979229476188,0.0001646222367830725,0.0,1.0,0.0
constant_suction,5.0,0.02,0.49875957658091874,0.49875957658091874,0.0,0.0,0.0,500.2709230120529,0.0,0.0,,0.0
constant_suction,5.0,0.04,0.49875957658091874,0.49875957658091874,0.0,0.0,0.0,500.27392300489356,0.0,0.0,,0.0
constant_suction,5.0,0.08,0.49875957658091874,0.49875957658091874,0.0,0.0,0.0,500.27992299057485,0.0,0.0,,0.0
constant_suction,5.0,0.12,0.49875957658091874,0.49875957658091874,0.0,0.0,0.0,500.2859229762562,0.0,0.0,,0.0
constant_suction,5.0,0.16,0.49875957658091874,0.49875957658091874,0.0,0.0,0.0,500.2919229619375,0.0,0.0,,0.0
constant_suction,5.0,0.2,0.49875957658091874,0.49875957658091874,0.0,0.0,0.0,500.2979229476188,0.0001646222367830725,0.0,1.0,0.0
constant_suction,10.0,0.02,0.49875957658091874,0.49875957658091874,0.0,0.0,0.0,500.2709230120529,0.0,0.0,,0.0
constant_suction,10.0,0.04,0.49875957658091874,0.49875957658091874,0.0,0.0,0.0,500.27392300489356,0.0,0.0,,0.0
constant_suction,10.0,0.08,0.49875957658091874,0.49875957658091874,0.0,0.0,0.0,500.27992299057485,0.0,0.0,,0.0
constant_suction,10.0,0.12,0.49875957658091874,0.49875957658091874,0.0,0.0,0.0,500.2859229762562,0.0,0.0,,0.0
constant_suction,10.0,0.16,0.49875957658091874,0.49875957658091874,0.0,0.0,0.0,500.2919229619375,0.0,0.0,,0.0
constant_suction,10.0,0.2,0.49875957658091874,0.49875957658091874,0.0,0.0,0.0,500.2979229476188,0.0001646222367830725,0.0,1.0,0.0
constant_suction,15.0,0.02,0.49875957658091874,0.49875957658091874,0.0,0.0,0.0,500.2709230120529,0.0,0.0,,0.0
constant_suction,15.0,0.04,0.49875957658091874,0.49875957658091874,0.0,0.0,0.0,500.27392300489356,0.0,0.0,,0.0
constant_suction,15.0,0.08,0.49875957658091874,0.49875957658091874,0.0,0.0,0.0,500.27992299057485,0.0,0.0,,0.0
constant_suction,15.0,0.12,0.49875957658091874,0.49875957658091874,0.0,0.0,0.0,500.2859229762562,0.0,0.0,,0.0
constant_suction,15.0,0.16,0.49875957658091874,0.49875957658091874,0.0,0.0,0.0,500.2919229619375,0.0,0.0,,0.0
constant_suction,15.0,0.2,0.49875957658091874,0.49875957658091874,0.0,0.0,0.0,500.2979229476188,0.0001646222367830725,0.0,1.0,0.0
constant_suction,25.0,0.02,0.49875957658091874,0.49875957658091874,0.0,0.0,0.0,500.2709230120529,0.0,0.0,,0.0
constant_suction,25.0,0.04,0.49875957658091874,0.49875957658091874,0.0,0.0,0.0,500.27392300489356,0.0,0.0,,0.0
constant_suction,25.0,0.08,0.49875957658091874,0.49875957658091874,0.0,0.0,0.0,500.27992299057485,0.0,0.0,,0.0
constant_suction,25.0,0.12,0.49875957658091874,0.49875957658091874,0.0,0.0,0.0,500.2859229762562,0.0,0.0,,0.0
constant_suction,25.0,0.16,0.49875957658091874,0.49875957658091874,0.0,0.0,0.0,500.2919229619375,0.0,0.0,,0.0
constant_suction,25.0,0.2,0.49875957658091874,0.49875957658091874,0.0,0.0,0.0,500.2979229476188,0.0001646222367830725,0.0,1.0,0.0
constant_suction,50.0,0.02,0.49875957658091874,0.49875957658091874,0.0,0.0,0.0,500.2709230120529,0.0,0.0,,0.0
constant_suction,50.0,0.04,0.49875957658091874,0.49875957658091874,0.0,0.0,0.0,500.27392300489356,0.0,0.0,,0.0
constant_suction,50.0,0.08,0.49875957658091874,0.49875957658091874,0.0,0.0,0.0,500.27992299057485,0.0,0.0,,0.0
constant_suction,50.0,0.12,0.49875957658091874,0.49875957658091874,0.0,0.0,0.0,500.2859229762562,0.0,0.0,,0.0
constant_suction,50.0,0.16,0.49875957658091874,0.49875957658091874,0.0,0.0,0.0,500.2919229619375,0.0,0.0,,0.0
constant_suction,50.0,0.2,0.49875957658091874,0.49875957658091874,0.0,0.0,0.0,500.2979229476188,0.0001646222367830725,0.0,1.0,0.0
constant_suction,75.0,0.02,0.49875957658091874,0.49875957658091874,0.0,0.0,0.0,500.2709230120529,0.0,0.0,,0.0
constant_suction,75.0,0.04,0.49875957658091874,0.49875957658091874,0.0,0.0,0.0,500.27392300489356,0.0,0.0,,0.0
constant_suction,75.0,0.08,0.49875957658091874,0.49875957658091874,0.0,0.0,0.0,500.27992299057485,0.0,0.0,,0.0
constant_suction,75.0,0.12,0.49875957658091874,0.49875957658091874,0.0,0.0,0.0,500.2859229762562,0.0,0.0,,0.0
constant_suction,75.0,0.16,0.49875957658091874,0.49875957658091874,0.0,0.0,0.0,500.2919229619375,0.0,0.0,,0.0
constant_suction,75.0,0.2,0.49875957658091874,0.49875957658091874,0.0,0.0,0.0,500.2979229476188,0.0001646222367830725,0.0,1.0,0.0
constant_suction,100.0,0.02,0.49875957658091874,0.49875957658091874,0.0,0.0,0.0,500.2709230120529,0.0,0.0,,0.0
constant_suction,100.0,0.04,0.49875957658091874,0.49875957658091874,0.0,0.0,0.0,500.27392300489356,0.0,0.0,,0.0
constant_suction,100.0,0.08,0.49875957658091874,0.49875957658091874,0.0,0.0,0.0,500.27992299057485,0.0,0.0,,0.0
constant_suction,100.0,0.12,0.49875957658091874,0.49875957658091874,0.0,0.0,0.0,500.2859229762562,0.0,0.0,,0.0
constant_suction,100.0,0.16,0.49875957658091874,0.49875957658091874,0.0,0.0,0.0,500.2919229619375,0.0,0.0,,0.0
constant_suction,100.0,0.2,0.49875957658091874,0.49875957658091874,0.0,0.0,0.0,500.2979229476188,0.0001646222367830725,0.0,1.0,0.0
full_hysteretic_damage,0.0,0.02,0.49875957658091874,0.49875957658091874,0.0,0.0,0.0,500.2709230120529,0.0,0.0,,0.0
full_hysteretic_damage,0.0,0.04,0.49875957658091874,0.49875957658091874,0.0,0.0,0.0,500.27392300489356,0.0,0.0,,0.0
full_hysteretic_damage,0.0,0.08,0.49875957658091874,0.49875957658091874,0.0,0.0,0.0,500.27992299057485,0.0,0.0,,0.0
full_hysteretic_damage,0.0,0.12,0.49875957658091874,0.49875957658091874,0.0,0.0,0.0,500.2859229762562,0.0,0.0,,0.0
full_hysteretic_damage,0.0,0.16,0.49875957658091874,0.49875957658091874,0.0,0.0,0.0,500.2919229619375,0.0,0.0,,0.0
full_hysteretic_damage,0.0,0.2,0.49875957658091874,0.49875957658091874,0.0,0.0022947874374446182,0.2294787437444601,500.27745506317905,0.0003660380931095768,0.00020141585632650432,2.2235033386887815,0.2294787437444601
full_hysteretic_damage,2.5,0.02,0.4920114411310372,0.7245408176449425,0.2,0.0,16.666666666666664,496.23307173594355,0.00012668678483912957,0.00012668678483912957,,16.666666666666664
full_hysteretic_damage,2.5,0.04,0.4920114411310372,0.7245408176449425,0.2,0.0,16.666666666666664,496.2360701252353,0.0001366227168610841,0.0001366227168610841,,16.666666666666664
full_hysteretic_damage,2.5,0.08,0.4920114411310372,0.7245408176449425,0.2,0.0,16.666666666666664,496.2420669038188,0.00015649458090499362,0.00015649458090499362,,16.666666666666664
full_hysteretic_damage,2.5,0.12,0.4920114411310372,0.7245408176449425,0.2,0.0,16.666666666666664,496.2480636824023,0.00017636644494890307,0.00017636644494890307,,16.666666666666664
full_hysteretic_damage,2.5,0.16,0.4920114411310372,0.7245408176449425,0.2,0.0,16.666666666666664,496.2540604609858,0.00019623830899281265,0.00019623830899281265,,16.666666666666664
full_hysteretic_damage,2.5,0.2,0.4920114411310372,0.7245408176449425,0.2,0.0012989687609297625,16.774914063410804,496.0423955321698,0.0004294100811442992,0.0002647878443612267,2.6084573356280254,16.774914063410804
full_hysteretic_damage,5.0,0.02,0.4855033659423564,0.7300647812236191,0.2,0.0,16.666666666666664,497.9947668962807,0.00023729288718703467,0.00023729288718703467,,16.666666666666664
full_hysteretic_damage,5.0,0.04,0.4855033659423564,0.7300647812236191,0.2,0.0,16.666666666666664,497.9977652855724,0.0002472288192089896,0.0002472288192089896,,16.666666666666664
full_hysteretic_damage,5.0,0.08,0.4855033659423564,0.7300647812236191,0.2,0.0,16.666666666666664,498.0037620641559,0.0002671006832528987,0.0002671006832528987,,16.666666666666664
full_hysteretic_damage,5.0,0.12,0.4855033659423564,0.7300647812236191,0.2,0.0,16.666666666666664,498.0097588427394,0.0002869725472968084,0.0002869725472968084,,16.666666666666664
full_hysteretic_damage,5.0,0.16,0.4855033659423564,0.7300647812236191,0.2,0.0,16.666666666666664,498.0157556213229,0.000306844411340718,0.000306844411340718,,16.666666666666664
full_hysteretic_damage,5.0,0.2,0.4855033659423564,0.7300647812236191,0.2,0.0013064991357780715,16.775541594648157,497.80881767517684,0.0005415419808831979,0.0003769197441001254,3.2896040745504114,16.775541594648157
full_hysteretic_damage,10.0,0.02,0.4731590799922482,0.7415029830982187,0.2,0.0,16.666666666666675,501.43259056233825,0.0004419142567073443,0.0004419142567073443,,16.666666666666675
full_hysteretic_damage,10.0,0.04,0.4731590799922482,0.7415029830982187,0.2,0.0,16.666666666666675,501.43558895163,0.00045185018872929836,0.00045185018872929836,,16.666666666666675
full_hysteretic_damage,10.0,0.08,0.4731590799922482,0.7415029830982187,0.2,0.0,16.666666666666675,501.4415857302135,0.0004717220527732081,0.0004717220527732081,,16.666666666666675
full_hysteretic_damage,10.0,0.12,0.4731590799922482,0.7415029830982187,0.2,0.0,16.666666666666675,501.447582508797,0.0004915939168171182,0.0004915939168171182,,16.666666666666675
full_hysteretic_damage,10.0,0.16,0.4731590799922482,0.7415029830982187,0.2,0.0,16.666666666666675,501.4535792873805,0.0005114657808610272,0.0005114657808610272,,16.666666666666675
full_hysteretic_damage,10.0,0.2,0.4731590799922482,0.7415029830982187,0.2,0.0013432818303167314,16.778606819193065,501.25443707960363,0.0007544725262499005,0.000589850289466828,4.5830535472804375,16.778606819193065
full_hysteretic_damage,15.0,0.02,0.46163739146814686,0.7534865642527285,0.2,0.0,16.66666666666663,504.7631628077868,0.0006270479664408126,0.0006270479664408126,,16.66666666666663
full_hysteretic_damage,15.0,0.04,0.46163739146814686,0.7534865642527285,0.2,0.0,16.66666666666663,504.76616119707853,0.0006369838984627674,0.0006369838984627674,,16.66666666666663
full_hysteretic_damage,15.0,0.08,0.46163739146814686,0.7534865642527285,0.2,0.0,16.66666666666663,504.772157975662,0.0006568557625066766,0.0006568557625066766,,16.66666666666663
full_hysteretic_damage,15.0,0.12,0.46163739146814686,0.7534865642527285,0.2,0.0,16.66666666666663,504.7781547542455,0.0006767276265505858,0.0006767276265505858,,16.66666666666663
full_hysteretic_damage,15.0,0.16,0.46163739146814686,0.7534865642527285,0.2,0.0,16.66666666666663,504.784151532829,0.0006965994905944953,0.0006965994905944953,,16.66666666666663
full_hysteretic_damage,15.0,0.2,0.46163739146814686,0.7534865642527285,0.2,0.001407582281980512,16.783965190164995,504.59110949227914,0.0009537166481242834,0.0007890944113412108,5.793364655717949,16.783965190164995
full_hysteretic_damage,25.0,0.02,0.4407562908900269,0.7792078257817543,0.2,0.0,16.666666666666686,511.131743929868,0.0009490198384925167,0.0009490198384925167,,16.666666666666686
full_hysteretic_damage,25.0,0.04,0.4407562908900269,0.7792078257817543,0.2,0.0,16.666666666666686,511.1347423191597,0.0009589557705144712,0.0009589557705144712,,16.666666666666686
full_hysteretic_damage,25.0,0.08,0.4407562908900269,0.7792078257817543,0.2,0.0,16.666666666666686,511.1407390977432,0.0009788276345583805,0.0009788276345583805,,16.666666666666686
full_hysteretic_damage,25.0,0.12,0.4407562908900269,0.7792078257817543,0.2,0.0,16.666666666666686,511.1467358763267,0.0009986994986022916,0.0009986994986022916,,16.666666666666686
full_hysteretic_damage,25.0,0.16,0.4407562908900269,0.7792078257817543,0.2,0.0,16.666666666666686,511.1527326549102,0.0010185713626461995,0.0010185713626461995,,16.666666666666686
full_hysteretic_damage,25.0,0.2,0.4407562908900269,0.7792078257817543,0.2,0.0016196664718544829,16.801638872654568,510.9674595585407,0.001321802746652769,0.0011571805098696967,8.029308630975212,16.801638872654568
full_hysteretic_damage,50.0,0.02,0.39843432716786414,0.8546982277033942,0.2,0.0,16.666666666666664,525.619977322594,0.0015527177932110276,0.0015527177932110276,,16.666666666666664
full_hysteretic_damage,50.0,0.04,0.39843432716786414,0.8546982277033942,0.2,0.0,16.666666666666664,525.6229757118857,0.0015626537252329817,0.0015626537252329817,,16.666666666666664
full_hysteretic_damage,50.0,0.08,0.39843432716786414,0.8546982277033942,0.2,0.0,16.666666666666664,525.6289724904692,0.0015825255892768933,0.0015825255892768933,,16.666666666666664
full_hysteretic_damage,50.0,0.12,0.39843432716786414,0.8546982277033942,0.2,0.0,16.666666666666664,525.6349692690527,0.0016023974533208012,0.0016023974533208012,,16.666666666666664
full_hysteretic_damage,50.0,0.16,0.39843432716786414,0.8546982277033942,0.2,0.0,16.666666666666664,525.6409660476362,0.0016222693173647096,0.0016222693173647096,,16.666666666666664
full_hysteretic_damage,50.0,0.2,0.39843432716786414,0.8546982277033942,0.2,0.00271452253628214,16.89287687802351,525.4551510987346,0.0021864646098587784,0.002021842373075706,13.281708793326302,16.89287687802351
full_hysteretic_damage,75.0,0.02,0.36615468859495376,0.941846662075004,0.2,0.0,16.666666666666686,538.4965572712022,0.001973477509569561,0.001973477509569561,,16.666666666666686
full_hysteretic_damage,75.0,0.04,0.36615468859495376,0.941846662075004,0.2,0.0,16.666666666666686,538.4995556604939,0.0019834134415915128,0.0019834134415915128,,16.666666666666686
full_hysteretic_damage,75.0,0.08,0.36615468859495376,0.941846662075004,0.2,0.0,16.666666666666686,538.5055524390774,0.002003285305635422,0.002003285305635422,,16.666666666666686
full_hysteretic_damage,75.0,0.12,0.36615468859495376,0.941846662075004,0.2,0.0,16.666666666666686,538.5115492176609,0.002023157169679332,0.002023157169679332,,16.666666666666686
full_hysteretic_damage,75.0,0.16,0.36615468859495376,0.941846662075004,0.2,0.0002672581212828779,16.688938176773604,538.5175459962444,0.0020857593976088902,0.0020857593976088902,,16.688938176773604
full_hysteretic_damage,75.0,0.2,0.36615468859495376,0.941846662075004,0.2,0.005221978615897435,17.10183155132482,538.3025204460051,0.0032757811937341977,0.0031111589569511253,19.89877708957867,17.10183155132482
full_hysteretic_damage,100.0,0.02,0.3406676969105833,0.9759825289787124,0.2,0.0,17.647058823529438,563.8094303021761,0.002134554275333693,0.002134554275333693,,17.647058823529438
full_hysteretic_damage,100.0,0.04,0.3406676969105833,0.9759825289787124,0.2,0.0,17.647058823529438,563.8124286914679,0.002143262743885686,0.002143262743885686,,17.647058823529438
full_hysteretic_damage,100.0,0.08,0.3406676969105833,0.9759825289787124,0.2,0.0,17.647058823529438,563.8184254700514,0.0021606796809896613,0.0021606796809896613,,17.647058823529438
full_hysteretic_damage,100.0,0.12,0.3406676969105833,0.9759825289787124,0.2,0.0,17.647058823529438,563.8244222486348,0.0021780966180936423,0.0021780966180936423,,17.647058823529438
full_hysteretic_damage,100.0,0.16,0.3406676969105833,0.9759825289787124,0.2,0.0013490430728044824,17.758156488348643,563.8277706476404,0.0024703875999970474,0.0024703875999970474,,17.758156488348643
full_hysteretic_damage,100.0,0.2,0.3406676969105833,0.9759825289787124,0.2,0.009071222828235578,18.39410070350178,563.5418979866498,0.004520698108028424,0.004356075871245351,27.461041693811264,18.39410070350178
hysteresis_only,0.0,0.02,0.49875957658091874,0.49875957658091874,0.0,0.0,0.0,500.2709230120529,0.0,0.0,,0.0
hysteresis_only,0.0,0.04,0.49875957658091874,0.49875957658091874,0.0,0.0,0.0,500.27392300489356,0.0,0.0,,0.0
hysteresis_only,0.0,0.08,0.49875957658091874,0.49875957658091874,0.0,0.0,0.0,500.27992299057485,0.0,0.0,,0.0
hysteresis_only,0.0,0.12,0.49875957658091874,0.49875957658091874,0.0,0.0,0.0,500.2859229762562,0.0,0.0,,0.0
hysteresis_only,0.0,0.16,0.49875957658091874,0.49875957658091874,0.0,0.0,0.0,500.2919229619375,0.0,0.0,,0.0
hysteresis_only,0.0,0.2,0.49875957658091874,0.49875957658091874,0.0,0.0,0.0,500.2979229476188,0.00036582719285127216,0.00020120495606819967,2.222222222222222,0.0
hysteresis_only,2.5,0.02,0.4920114411310372,0.7245408176449425,0.0,0.0,0.0,539.3835128965221,0.0001167508528171748,0.0001167508528171748,,0.0
hysteresis_only,2.5,0.04,0.4920114411310372,0.7245408176449425,0.0,0.0,0.0,539.3865112858139,0.0001167508528171748,0.0001167508528171748,,0.0
hysteresis_only,2.5,0.08,0.4920114411310372,0.7245408176449425,0.0,0.0,0.0,539.3925080643974,0.0001167508528171748,0.0001167508528171748,,0.0
hysteresis_only,2.5,0.12,0.4920114411310372,0.7245408176449425,0.0,0.0,0.0,539.3985048429809,0.0001167508528171748,0.0001167508528171748,,0.0
hysteresis_only,2.5,0.16,0.4920114411310372,0.7245408176449425,0.0,0.0,0.0,539.4045016215643,0.0001167508528171748,0.0001167508528171748,,0.0
hysteresis_only,2.5,0.2,0.4920114411310372,0.7245408176449425,0.0,0.0,0.0,539.4104984001478,0.0003149190121064145,0.000150296775323342,1.9129797909464226,0.0
hysteresis_only,5.0,0.02,0.4855033659423564,0.7300647812236191,0.0,0.0,0.0,541.2983989403667,0.0002273569551650799,0.0002273569551650799,,0.0
hysteresis_only,5.0,0.04,0.4855033659423564,0.7300647812236191,0.0,0.0,0.0,541.3013973296585,0.0002273569551650799,0.0002273569551650799,,0.0
hysteresis_only,5.0,0.08,0.4855033659423564,0.7300647812236191,0.0,0.0,0.0,541.307394108242,0.0002273569551650799,0.0002273569551650799,,0.0
hysteresis_only,5.0,0.12,0.4855033659423564,0.7300647812236191,0.0,0.0,0.0,541.3133908868255,0.0002273569551650799,0.0002273569551650799,,0.0
hysteresis_only,5.0,0.16,0.4855033659423564,0.7300647812236191,0.0,0.0,0.0,541.319387665409,0.0002273569551650799,0.0002273569551650799,,0.0
hysteresis_only,5.0,0.2,0.4855033659423564,0.7300647812236191,0.0,0.0,0.0,541.3253844439924,0.000426745754751415,0.0002621235179683425,2.5922728489818194,0.0
hysteresis_only,10.0,0.02,0.4731590799922482,0.7415029830982187,0.0,0.0,0.0,545.0351637947771,0.0004319783246853899,0.0004319783246853899,,0.0
hysteresis_only,10.0,0.04,0.4731590799922482,0.7415029830982187,0.0,0.0,0.0,545.0381621840688,0.0004319783246853899,0.0004319783246853899,,0.0
hysteresis_only,10.0,0.08,0.4731590799922482,0.7415029830982187,0.0,0.0,0.0,545.0441589626523,0.0004319783246853899,0.0004319783246853899,,0.0
hysteresis_only,10.0,0.12,0.4731590799922482,0.7415029830982187,0.0,0.0,0.0,545.0501557412358,0.0004319783246853899,0.0004319783246853899,,0.0
hysteresis_only,10.0,0.16,0.4731590799922482,0.7415029830982187,0.0,0.0,0.0,545.0561525198193,0.0004319783246853899,0.0004319783246853899,,0.0
hysteresis_only,10.0,0.2,0.4731590799922482,0.7415029830982187,0.0,0.0,0.0,545.0621492984028,0.0006386161789009486,0.0004739939421178761,3.8792826010648347,0.0
hysteresis_only,15.0,0.02,0.46163739146814686,0.7534865642527285,0.0,0.0,-2.220446049250313e-14,548.6553510180908,0.0006171120344188577,0.0006171120344188577,,-2.220446049250313e-14
hysteresis_only,15.0,0.04,0.46163739146814686,0.7534865642527285,0.0,0.0,-2.220446049250313e-14,548.6583494073825,0.0006171120344188577,0.0006171120344188577,,-2.220446049250313e-14
hysteresis_only,15.0,0.08,0.46163739146814686,0.7534865642527285,0.0,0.0,-2.220446049250313e-14,548.664346185966,0.0006171120344188577,0.0006171120344188577,,-2.220446049250313e-14
hysteresis_only,15.0,0.12,0.46163739146814686,0.7534865642527285,0.0,0.0,-2.220446049250313e-14,548.6703429645495,0.0006171120344188577,0.0006171120344188577,,-2.220446049250313e-14
hysteresis_only,15.0,0.16,0.46163739146814686,0.7534865642527285,0.0,0.0,-2.220446049250313e-14,548.676339743133,0.0006171120344188577,0.0006171120344188577,,-2.220446049250313e-14
hysteresis_only,15.0,0.2,0.46163739146814686,0.7534865642527285,0.0,0.0,-2.220446049250313e-14,548.6823365217165,0.000836293525739966,0.0006716712889568936,5.080076313396071,-2.220446049250313e-14
hysteresis_only,25.0,0.02,0.4407562908900269,0.7792078257817543,0.0,0.0,3.3306690738754696e-14,555.5777218029616,0.0009390839064705621,0.0009390839064705621,,3.3306690738754696e-14
hysteresis_only,25.0,0.04,0.4407562908900269,0.7792078257817543,0.0,0.0,3.3306690738754696e-14,555.5807201922534,0.0009390839064705621,0.0009390839064705621,,3.3306690738754696e-14
hysteresis_only,25.0,0.08,0.4407562908900269,0.7792078257817543,0.0,0.0,3.3306690738754696e-14,555.5867169708368,0.0009390839064705621,0.0009390839064705621,,3.3306690738754696e-14
hysteresis_only,25.0,0.12,0.4407562908900269,0.7792078257817543,0.0,0.0,3.3306690738754696e-14,555.5927137494203,0.0009390839064705621,0.0009390839064705621,,3.3306690738754696e-14
hysteresis_only,25.0,0.16,0.4407562908900269,0.7792078257817543,0.0,0.0,3.3306690738754696e-14,555.5987105280038,0.0009390839064705621,0.0009390839064705621,,3.3306690738754696e-14
hysteresis_only,25.0,0.2,0.4407562908900269,0.7792078257817543,0.0,0.0,3.3306690738754696e-14,555.6047073065873,0.0011997989363950504,0.001035176699611978,7.28819483831981,3.3306690738754696e-14
hysteresis_only,50.0,0.02,0.39843432716786414,0.8546982277033942,0.0,0.0,0.0,571.3258015776638,0.0015427818611890723,0.0015427818611890723,,0.0
hysteresis_only,50.0,0.04,0.39843432716786414,0.8546982277033942,0.0,0.0,0.0,571.3287999669556,0.0015427818611890723,0.0015427818611890723,,0.0
hysteresis_only,50.0,0.08,0.39843432716786414,0.8546982277033942,0.0,0.0,0.0,571.334796745539,0.0015427818611890723,0.0015427818611890723,,0.0
hysteresis_only,50.0,0.12,0.39843432716786414,0.8546982277033942,0.0,0.0,0.0,571.3407935241225,0.0015427818611890723,0.0015427818611890723,,0.0
hysteresis_only,50.0,0.16,0.39843432716786414,0.8546982277033942,0.0,0.0,0.0,571.346790302706,0.0015427818611890723,0.0015427818611890723,,0.0
hysteresis_only,50.0,0.2,0.39843432716786414,0.8546982277033942,0.0,0.0,0.0,571.3527870812895,0.002040413113801902,0.0018757908770188295,12.394517008602026,0.0
hysteresis_only,75.0,0.02,0.36615468859495376,0.941846662075004,0.0,0.0,3.3306690738754696e-14,585.3220841304986,0.001963541577547603,0.001963541577547603,,3.3306690738754696e-14
hysteresis_only,75.0,0.04,0.36615468859495376,0.941846662075004,0.0,0.0,3.3306690738754696e-14,585.3250825197904,0.001963541577547603,0.001963541577547603,,3.3306690738754696e-14
hysteresis_only,75.0,0.08,0.36615468859495376,0.941846662075004,0.0,0.0,3.3306690738754696e-14,585.3310792983739,0.001963541577547603,0.001963541577547603,,3.3306690738754696e-14
hysteresis_only,75.0,0.12,0.36615468859495376,0.941846662075004,0.0,0.0,3.3306690738754696e-14,585.3370760769574,0.001963541577547603,0.001963541577547603,,3.3306690738754696e-14
hysteresis_only,75.0,0.16,0.36615468859495376,0.941846662075004,0.0,0.0,3.3306690738754696e-14,585.3430728555409,0.0020023343507404577,0.0020023343507404577,,3.3306690738754696e-14
hysteresis_only,75.0,0.2,0.36615468859495376,0.941846662075004,0.0,0.0,3.3306690738754696e-14,585.3490696341244,0.0030683333386492145,0.002903711101866142,18.63863229298996,3.3306690738754696e-14
hysteresis_only,100.0,0.02,0.3406676969105833,0.9759825289787124,0.0,0.0,3.3306690738754696e-14,597.9795170847752,0.0021258458067817043,0.0021258458067817043,,3.3306690738754696e-14
hysteresis_only,100.0,0.04,0.3406676969105833,0.9759825289787124,0.0,0.0,3.3306690738754696e-14,597.982515474067,0.0021258458067817043,0.0021258458067817043,,3.3306690738754696e-14
hysteresis_only,100.0,0.08,0.3406676969105833,0.9759825289787124,0.0,0.0,3.3306690738754696e-14,597.9885122526505,0.0021258458067817043,0.0021258458067817043,,3.3306690738754696e-14
hysteresis_only,100.0,0.12,0.3406676969105833,0.9759825289787124,0.0,0.0,3.3306690738754696e-14,597.994509031234,0.0021258458067817043,0.0021258458067817043,,3.3306690738754696e-14
hysteresis_only,100.0,0.16,0.3406676969105833,0.9759825289787124,0.0,0.0,3.3306690738754696e-14,598.0005058098175,0.0023760036528800185,0.0023760036528800185,,3.3306690738754696e-14
hysteresis_only,100.0,0.2,0.3406676969105833,0.9759825289787124,0.0,0.0,3.3306690738754696e-14,598.006502588401,0.004234415936788186,0.004069793700005113,25.72201677934919,3.3306690738754696e-14
no_hysteresis,0.0,0.02,0.49875957658091874,0.49875957658091874,0.0,0.0,0.0,500.2709230120529,0.0,0.0,,0.0
no_hysteresis,0.0,0.04,0.49875957658091874,0.49875957658091874,0.0,0.0,0.0,500.27392300489356,0.0,0.0,,0.0
no_hysteresis,0.0,0.08,0.49875957658091874,0.49875957658091874,0.0,0.0,0.0,500.27992299057485,0.0,0.0,,0.0
no_hysteresis,0.0,0.12,0.49875957658091874,0.49875957658091874,0.0,0.0,0.0,500.2859229762562,0.0,0.0,,0.0
no_hysteresis,0.0,0.16,0.49875957658091874,0.49875957658091874,0.0,0.0,0.0,500.2919229619375,0.0,0.0,,0.0
no_hysteresis,0.0,0.2,0.49875957658091874,0.49875957658091874,0.0,0.0,0.0,500.2979229476188,0.0001646222367830725,0.0,1.0,0.0
no_hysteresis,2.5,0.02,0.4920113778799524,0.5057609555878315,0.0,0.0,0.0,500.89448659024714,5.253788376772866e-05,5.253788376772866e-05,,0.0
no_hysteresis,2.5,0.04,0.4920113778799524,0.5057609555878315,0.0,0.0,0.0,500.89748538039936,5.253788376772866e-05,5.253788376772866e-05,,0.0
no_hysteresis,2.5,0.08,0.4920113778799524,0.5057609555878315,0.0,0.0,0.0,500.90348296070374,5.253788376772866e-05,5.253788376772866e-05,,0.0
no_hysteresis,2.5,0.12,0.4920113778799524,0.5057609555878315,0.0,0.0,0.0,500.90948054100807,5.253788376772866e-05,5.253788376772866e-05,,0.0
no_hysteresis,2.5,0.16,0.4920113778799524,0.5057609555878315,0.0,0.0,0.0,500.91547812131245,5.253788376772866e-05,5.253788376772866e-05,,0.0
no_hysteresis,2.5,0.2,0.4920113778799524,0.5057609555878315,0.0,0.0,0.0,500.9214757016168,0.00021718730104766586,5.256506426459337e-05,1.3193071925869886,0.0
no_hysteresis,5.0,0.02,0.48550324390377037,0.5130294310299824,0.0,0.0,0.0,501.6960578365182,0.00010231062982428596,0.00010231062982428596,,0.0
no_hysteresis,5.0,0.04,0.48550324390377037,0.5130294310299824,0.0,0.0,0.0,501.6990566266704,0.00010231062982428596,0.00010231062982428596,,0.0
no_hysteresis,5.0,0.08,0.48550324390377037,0.5130294310299824,0.0,0.0,0.0,501.7050542069748,0.00010231062982428596,0.00010231062982428596,,0.0
no_hysteresis,5.0,0.12,0.48550324390377037,0.5130294310299824,0.0,0.0,0.0,501.71105178727913,0.00010231062982428596,0.00010231062982428596,,0.0
no_hysteresis,5.0,0.16,0.48550324390377037,0.5130294310299824,0.0,0.0,0.0,501.7170493675835,0.00010231062982428596,0.00010231062982428596,,0.0
no_hysteresis,5.0,0.2,0.48550324390377037,0.5130294310299824,0.0,0.0,0.0,501.7230469478879,0.0002675827653395749,0.00010296052855650242,1.6254351208468665,0.0
no_hysteresis,10.0,0.02,0.4731588524365262,0.5284281245130271,0.0,0.0,0.0,503.2365452847785,0.00019439024610842546,0.00019439024610842546,,0.0
no_hysteresis,10.0,0.04,0.4731588524365262,0.5284281245130271,0.0,0.0,0.0,503.23954407493073,0.00019439024610842546,0.00019439024610842546,,0.0
no_hysteresis,10.0,0.08,0.4731588524365262,0.5284281245130271,0.0,0.0,0.0,503.2455416552351,0.00019439024610842546,0.00019439024610842546,,0.0
no_hysteresis,10.0,0.12,0.4731588524365262,0.5284281245130271,0.0,0.0,0.0,503.25153923553944,0.00019439024610842546,0.00019439024610842546,,0.0
no_hysteresis,10.0,0.16,0.4731588524365262,0.5284281245130271,0.0,0.0,0.0,503.2575368158438,0.00019439024610842546,0.00019439024610842546,,0.0
no_hysteresis,10.0,0.2,0.4731588524365262,0.5284281245130271,0.0,0.0,0.0,503.2635343961482,0.0003630109941781785,0.00019838875739510602,2.205115185359367,0.0
no_hysteresis,15.0,0.02,0.4616370725178531,0.5450866610498113,0.0,0.0,-2.220446049250313e-14,504.7008688555145,0.000277700415488486,0.000277700415488486,,-2.220446049250313e-14
no_hysteresis,15.0,0.04,0.4616370725178531,0.5450866610498113,0.0,0.0,-2.220446049250313e-14,504.7038676456667,0.000277700415488486,0.000277700415488486,,-2.220446049250313e-14
no_hysteresis,15.0,0.08,0.4616370725178531,0.5450866610498113,0.0,0.0,-2.220446049250313e-14,504.7098652259711,0.000277700415488486,0.000277700415488486,,-2.220446049250313e-14
no_hysteresis,15.0,0.12,0.4616370725178531,0.5450866610498113,0.0,0.0,-2.220446049250313e-14,504.7158628062754,0.000277700415488486,0.000277700415488486,,-2.220446049250313e-14
no_hysteresis,15.0,0.16,0.4616370725178531,0.5450866610498113,0.0,0.0,-2.220446049250313e-14,504.7218603865798,0.000277700415488486,0.000277700415488486,,-2.220446049250313e-14
no_hysteresis,15.0,0.2,0.4616370725178531,0.5450866610498113,0.0,0.0,-2.220446049250313e-14,504.7278579668842,0.00045208900309306235,0.00028746676630998986,2.746220753207194,-2.220446049250313e-14
no_hysteresis,25.0,0.02,0.44075582375423517,0.5827951281122112,0.0,0.0,3.3306690738754696e-14,507.43082089954174,0.00042258775791175293,0.00042258775791175293,,3.3306690738754696e-14
no_hysteresis,25.0,0.04,0.44075582375423517,0.5827951281122112,0.0,0.0,3.3306690738754696e-14,507.43381968969396,0.00042258775791175293,0.00042258775791175293,,3.3306690738754696e-14
no_hysteresis,25.0,0.08,0.44075582375423517,0.5827951281122112,0.0,0.0,3.3306690738754696e-14,507.43981726999834,0.00042258775791175293,0.00042258775791175293,,3.3306690738754696e-14
no_hysteresis,25.0,0.12,0.44075582375423517,0.5827951281122112,0.0,0.0,3.3306690738754696e-14,507.44581485030267,0.00042258775791175293,0.00042258775791175293,,3.3306690738754696e-14
no_hysteresis,25.0,0.16,0.44075582375423517,0.5827951281122112,0.0,0.0,3.3306690738754696e-14,507.45181243060705,0.00042258775791175293,0.00042258775791175293,,3.3306690738754696e-14
no_hysteresis,25.0,0.2,0.44075582375423517,0.5827951281122112,0.0,0.0,3.3306690738754696e-14,507.45781001091143,0.0006149059397861871,0.00045028370300311465,3.735254433436393,3.3306690738754696e-14
no_hysteresis,50.0,0.02,0.39843362818736977,0.7115918747317984,0.0,0.0,0.0,513.3509197694054,0.0006942518375350825,0.0006942518375350825,,0.0
no_hysteresis,50.0,0.04,0.39843362818736977,0.7115918747317984,0.0,0.0,0.0,513.3539185595575,0.0006942518375350825,0.0006942518375350825,,0.0
no_hysteresis,50.0,0.08,0.39843362818736977,0.7115918747317984,0.0,0.0,0.0,513.359916139862,0.0006942518375350825,0.0006942518375350825,,0.0
no_hysteresis,50.0,0.12,0.39843362818736977,0.7115918747317984,0.0,0.0,0.0,513.3659137201663,0.0006942518375350825,0.0006942518375350825,,0.0
no_hysteresis,50.0,0.16,0.39843362818736977,0.7115918747317984,0.0,0.0,0.0,513.3719113004707,0.0006942522620421227,0.0006942522620421227,,0.0
no_hysteresis,50.0,0.2,0.39843362818736977,0.7115918747317984,0.0,0.0,0.0,513.3779088807751,0.000986290374925127,0.0008216681381420547,5.991234198966636,0.0
no_hysteresis,75.0,0.02,0.36615387322676296,0.899021075414789,0.0,0.0,3.3306690738754696e-14,518.340815891977,0.0008835937098964214,0.0008835937098964214,,3.3306690738754696e-14
no_hysteresis,75.0,0.04,0.36615387322676296,0.899021075414789,0.0,0.0,3.3306690738754696e-14,518.343814682129,0.0008835937098964214,0.0008835937098964214,,3.3306690738754696e-14
no_hysteresis,75.0,0.08,0.36615387322676296,0.899021075414789,0.0,0.0,3.3306690738754696e-14,518.3498122624335,0.0008835937098964214,0.0008835937098964214,,3.3306690738754696e-14
no_hysteresis,75.0,0.12,0.36615387322676296,0.899021075414789,0.0,0.0,3.3306690738754696e-14,518.3558098427378,0.0008835937098964214,0.0008835937098964214,,3.3306690738754696e-14
no_hysteresis,75.0,0.16,0.36615387322676296,0.899021075414789,0.0,0.0,3.3306690738754696e-14,518.3618074230423,0.0009024678568600101,0.0009024678568600101,,3.3306690738754696e-14
no_hysteresis,75.0,0.2,0.36615387322676296,0.899021075414789,0.0,0.0,3.3306690738754696e-14,518.3678050033466,0.0014277596891286055,0.001263137452345533,8.672945508631413,3.3306690738754696e-14
no_hysteresis,100.0,0.02,0.34066682539185433,0.9738901811077871,0.0,0.0,3.3306690738754696e-14,522.6799501438699,0.000956630613051767,0.000956630613051767,,3.3306690738754696e-14
no_hysteresis,100.0,0.04,0.34066682539185433,0.9738901811077871,0.0,0.0,3.3306690738754696e-14,522.682948934022,0.000956630613051767,0.000956630613051767,,3.3306690738754696e-14
no_hysteresis,100.0,0.08,0.34066682539185433,0.9738901811077871,0.0,0.0,3.3306690738754696e-14,522.6889465143264,0.000956630613051767,0.000956630613051767,,3.3306690738754696e-14
no_hysteresis,100.0,0.12,0.34066682539185433,0.9738901811077871,0.0,0.0,3.3306690738754696e-14,522.6949440946307,0.000956630613051767,0.000956630613051767,,3.3306690738754696e-14
no_hysteresis,100.0,0.16,0.34066682539185433,0.9738901811077871,0.0,0.0,3.3306690738754696e-14,522.7009416749352,0.0010699105410525579,0.0010699105410525579,,3.3306690738754696e-14
no_hysteresis,100.0,0.2,0.34066682539185433,0.9738901811077871,0.0,0.0,3.3306690738754696e-14,522.7069392552395,0.0019359344928701107,0.0017713122560870382,11.759860215124812,3.3306690738754696e-14
