model,sample,sampled_stiffness_loss_pct,sampled_plastic_strain_index,sampled_relative_deformation_demand_index
constant_suction,0,0.0,0.00019737756098155702,1.0197377560981558
constant_suction,1,0.0,0.00022415748347317315,1.0224157483473173
constant_suction,2,0.0,0.00014845360767054143,1.0148453607670542
constant_suction,3,0.0,0.0001767464065604984,1.0176746406560497
constant_suction,4,0.0,0.0001817354201604872,1.0181735420160487
constant_suction,5,0.0,0.00019865302112419798,1.0198653021124198
constant_suction,6,0.0,0.00016708571751334236,1.0167085717513342
constant_suction,7,0.0,0.00019034350774274533,1.0190343507742745
constant_suction,8,0.0,0.00012621411967324723,1.0126214119673247
constant_suction,9,0.0,0.0002628269270369465,1.0262826927036945
constant_suction,10,0.0,0.00016255032675066517,1.0162550326750666
constant_suction,11,0.0,0.000164811477024932,1.016481147702493
constant_suction,12,0.0,0.00014253324763133758,1.0142533247631338
constant_suction,13,0.0,0.00012594326683100355,1.0125943266831003
constant_suction,14,0.0,0.00017175149445115498,1.0171751494451156
constant_suction,15,0.0,0.00015734443358290934,1.0157344433582909
constant_suction,16,0.0,0.0001800336848527619,1.0180033684852763
constant_suction,17,0.0,0.00014187392980266462,1.0141873929802665
constant_suction,18,0.0,0.0001464990272400413,1.0146499027240041
constant_suction,19,0.0,0.00026002274822457024,1.026002274822457
constant_suction,20,0.0,0.0002410788078786139,1.0241078807878614
constant_suction,21,0.0,0.00014581849294198696,1.0145818492941987
constant_suction,22,0.0,0.0001301103619614592,1.013011036196146
constant_suction,23,0.0,0.00020501121344476564,1.0205011213444766
constant_suction,24,0.0,0.00016795335594908874,1.0167953355949089
constant_suction,25,0.0,0.0001594538431103834,1.0159453843110384
constant_suction,26,0.0,0.00018247514952267574,1.0182475149522676
constant_suction,27,0.0,0.0001464852700735306,1.014648527007353
constant_suction,28,0.0,0.00019505822334392212,1.0195058223343922
constant_suction,29,0.0,0.00018053509281590262,1.0180535092815903
constant_suction,30,0.0,0.00017104731204785648,1.0171047312047856
constant_suction,31,0.0,0.0001831644630254969,1.0183164463025496
constant_suction,32,0.0,0.0001836779861139792,1.018367798611398
constant_suction,33,0.0,0.0001828181427124161,1.0182818142712415
constant_suction,34,0.0,0.00013431506601576924,1.0134315066015769
constant_suction,35,0.0,0.00020544391147504527,1.0205443911475045
constant_suction,36,0.0,0.00020980266125435025,1.020980266125435
constant_suction,37,0.0,0.00013922228003725417,1.0139222280037254
constant_suction,38,0.0,0.0001558732946923386,1.015587329469234
constant_suction,39,0.0,0.0001928810047154815,1.0192881004715482
constant_suction,40,0.0,0.00014112445708144088,1.014112445708144
constant_suction,41,0.0,0.00014580054595337427,1.0145800545953374
constant_suction,42,0.0,0.00019725794147615436,1.0197257941476154
constant_suction,43,0.0,0.00022016064963634987,1.022016064963635
constant_suction,44,0.0,0.00015552146423045122,1.015552146423045
constant_suction,45,0.0,0.00021753034959981344,1.0217530349599813
constant_suction,46,0.0,0.00015533042672354215,1.0155330426723541
constant_suction,47,0.0,0.00014226527171420022,1.01422652717142
constant_suction,48,0.0,0.00015631057968705433,1.0156310579687053
constant_suction,49,0.0,0.00017491615416334136,1.017491615416334
constant_suction,50,0.0,0.0001839343257037757,1.0183934325703776
constant_suction,51,0.0,0.00011696387873991524,1.0116963878739915
constant_suction,52,0.0,0.00018435213182368138,1.0184352131823682
constant_suction,53,0.0,0.0001356822560772719,1.0135682256077272
constant_suction,54,0.0,0.00017055242214938397,1.0170552422149384
constant_suction,55,0.0,0.00018546321650610219,1.0185463216506103
constant_suction,56,0.0,0.00012727338305038494,1.0127273383050386
constant_suction,57,0.0,0.00014189167227823897,1.0141891672278238
constant_suction,58,0.0,0.00011853271047118293,1.0118532710471182
constant_suction,59,0.0,0.00017060385918678085,1.017060385918678
constant_suction,60,0.0,0.00016283216128748404,1.0162832161287485
constant_suction,61,0.0,0.00016241564254603727,1.0162415642546037
constant_suction,62,0.0,0.00016843996868236337,1.0168439968682363
constant_suction,63,0.0,0.00013099651393185652,1.0130996513931856
constant_suction,64,0.0,0.00015486182067078372,1.0154861820670784
constant_suction,65,0.0,0.00013454926083855936,1.013454926083856
constant_suction,66,0.0,0.00019230416259683703,1.0192304162596837
constant_suction,67,0.0,0.0002219383709599158,1.0221938370959915
constant_suction,68,0.0,0.0001446049134273816,1.0144604913427382
constant_suction,69,0.0,0.0001341138271145031,1.0134113827114504
constant_suction,70,0.0,0.00017479437282464337,1.0174794372824643
constant_suction,71,0.0,0.0001466498961396314,1.0146649896139632
constant_suction,72,0.0,0.00020227496597926965,1.020227496597927
constant_suction,73,0.0,0.00018293051122049057,1.0182930511220492
constant_suction,74,0.0,0.00019972198683008372,1.0199721986830084
constant_suction,75,0.0,0.00016363059674485655,1.0163630596744857
constant_suction,76,0.0,0.0001670918601643812,1.0167091860164381
constant_suction,77,0.0,0.00013886025146620412,1.0138860251466204
constant_suction,78,0.0,0.00015299622659470537,1.0152996226594706
constant_suction,79,0.0,0.00016250794150059309,1.0162507941500594
constant_suction,80,0.0,0.00020091190102967255,1.0200911901029672
constant_suction,81,0.0,0.00021938794056100303,1.0219387940561002
constant_suction,82,0.0,0.00024589235751755814,1.0245892357517559
constant_suction,83,0.0,0.00019119086219463594,1.0191190862194637
constant_suction,84,0.0,0.0001072796471674903,1.010727964716749
constant_suction,85,0.0,0.00015769381660933013,1.015769381660933
constant_suction,86,0.0,0.00018799351440767378,1.0187993514407674
constant_suction,87,0.0,0.00011990544348593692,1.0119905443485937
constant_suction,88,0.0,0.00016857391666783662,1.0168573916667836
constant_suction,89,0.0,0.0001697426630610674,1.0169742663061068
constant_suction,90,0.0,0.00013034226728939475,1.0130342267289394
constant_suction,91,0.0,0.00011939856959937487,1.0119398569599374
constant_suction,92,0.0,0.00019117517369836968,1.019117517369837
constant_suction,93,0.0,0.00013614024077836638,1.0136140240778366
constant_suction,94,0.0,0.00017156023607156582,1.0171560236071566
constant_suction,95,0.0,0.00017781710078978392,1.0177817100789783
constant_suction,96,0.0,0.00013013396720510352,1.0130133967205104
constant_suction,97,0.0,0.00022594384083014427,1.0225943840830145
constant_suction,98,0.0,0.00015387894172714332,1.0153878941727144
constant_suction,99,0.0,0.000136543496142585,1.0136543496142585
constant_suction,100,0.0,0.00015658496035022255,1.0156584960350223
constant_suction,101,0.0,0.00012485630530492605,1.0124856305304926
constant_suction,102,0.0,0.00013763417893790324,1.0137634178937904
constant_suction,103,0.0,0.0001352898703299322,1.0135289870329933
constant_suction,104,0.0,0.00021979970304117534,1.0219799703041175
constant_suction,105,0.0,0.00013271047358786353,1.0132710473587863
constant_suction,106,0.0,0.00017953257200294996,1.017953257200295
constant_suction,107,0.0,0.0001671897575052846,1.0167189757505284
constant_suction,108,0.0,0.00021747210077371638,1.0217472100773717
constant_suction,109,0.0,0.00015974728351569049,1.015974728351569
constant_suction,110,0.0,0.0001622891635745283,1.016228916357453
constant_suction,111,0.0,0.00015705300809448698,1.0157053008094488
constant_suction,112,0.0,0.00019429021118524386,1.0194290211185244
constant_suction,113,0.0,0.00015017449012534815,1.0150174490125348
constant_suction,114,0.0,0.00020425966130846866,1.0204259661308468
constant_suction,115,0.0,0.0002644744624891674,1.0264474462489168
constant_suction,116,0.0,0.00014665613799463753,1.0146656137994639
constant_suction,117,0.0,0.00016728573624790613,1.0167285736247906
constant_suction,118,0.0,0.00011332930447714932,1.011332930447715
constant_suction,119,0.0,0.00015179889391428764,1.0151798893914288
constant_suction,120,0.0,0.0001068186033480576,1.0106818603348058
constant_suction,121,0.0,0.00013199756536484545,1.0131997565364845
constant_suction,122,0.0,0.00017772074093106726,1.0177720740931067
constant_suction,123,0.0,0.0001577353358349549,1.0157735335834954
constant_suction,124,0.0,0.00018974657196471249,1.0189746571964713
constant_suction,125,0.0,0.00012467438890347447,1.0124674388903474
constant_suction,126,0.0,0.00021340962143068514,1.0213409621430685
constant_suction,127,0.0,0.0001641109736298838,1.0164110973629883
constant_suction,128,0.0,0.00018571435907185183,1.0185714359071851
constant_suction,129,0.0,0.0001419680795815639,1.0141968079581565
constant_suction,130,0.0,0.00011478236161521977,1.011478236161522
constant_suction,131,0.0,0.0001981515291309216,1.019815152913092
constant_suction,132,0.0,0.0001584669496325625,1.0158466949632563
constant_suction,133,0.0,0.00017828036958213522,1.0178280369582136
constant_suction,134,0.0,0.0001924404693165658,1.0192440469316566
constant_suction,135,0.0,0.00016989678576418825,1.0169896785764188
constant_suction,136,0.0,0.00021614305266037941,1.021614305266038
constant_suction,137,0.0,0.00017913064411994738,1.0179130644119947
constant_suction,138,0.0,0.00020295334614709365,1.0202953346147094
constant_suction,139,0.0,0.00018466395217719335,1.0184663952177193
constant_suction,140,0.0,0.00015989942678503924,1.015989942678504
constant_suction,141,0.0,0.0001488000883332371,1.0148800088333236
constant_suction,142,0.0,0.00020662249783211505,1.0206622497832114
constant_suction,143,0.0,0.00013768185406295037,1.013768185406295
constant_suction,144,0.0,0.00014363048503368637,1.0143630485033686
constant_suction,145,0.0,0.00015621556633735336,1.0156215566337354
constant_suction,146,0.0,0.0001800854796964394,1.018008547969644
constant_suction,147,0.0,0.00020319065011896375,1.0203190650118963
constant_suction,148,0.0,0.00015296682948411682,1.0152966829484116
constant_suction,149,0.0,0.0001307635610390675,1.0130763561039067
constant_suction,150,0.0,0.00011072218205570291,1.0110722182055703
constant_suction,151,0.0,0.00014106807750520183,1.0141068077505202
constant_suction,152,0.0,0.00016431945233971217,1.0164319452339712
constant_suction,153,0.0,0.00019100867677513889,1.019100867677514
constant_suction,154,0.0,0.00011199658521478489,1.0111996585214784
constant_suction,155,0.0,0.000208399196245088,1.0208399196245088
constant_suction,156,0.0,0.0002514370130762154,1.0251437013076214
constant_suction,157,0.0,0.00020993637835554045,1.020993637835554
constant_suction,158,0.0,0.00014531737350069525,1.0145317373500695
constant_suction,159,0.0,0.00017806211015007186,1.0178062110150072
constant_suction,160,0.0,0.00011134798798866286,1.0111347987988664
constant_suction,161,0.0,0.00010517577246452782,1.0105175772464527
constant_suction,162,0.0,0.0001739703316336198,1.017397033163362
constant_suction,163,0.0,0.00011961566012808056,1.011961566012808
constant_suction,164,0.0,0.00017382307263464695,1.0173823072634647
constant_suction,165,0.0,0.00014734986035500546,1.0147349860355006
constant_suction,166,0.0,0.00016680117129331222,1.0166801171293312
constant_suction,167,0.0,0.0001653046708797877,1.0165304670879787
constant_suction,168,0.0,0.00013634997559290756,1.0136349975592907
constant_suction,169,0.0,0.0001897298289492967,1.0189729828949297
constant_suction,170,0.0,0.00018616424540457104,1.0186164245404572
constant_suction,171,0.0,0.0001671108255092634,1.0167110825509262
constant_suction,172,0.0,0.00016328327085627143,1.0163283270856271
constant_suction,173,0.0,0.0002472557591538986,1.02472557591539
constant_suction,174,0.0,0.00016056709325565718,1.0160567093255657
constant_suction,175,0.0,0.00013654052450682053,1.013654052450682
constant_suction,176,0.0,0.00019174091790243947,1.0191740917902439
constant_suction,177,0.0,0.0002173699542677768,1.0217369954267776
constant_suction,178,0.0,0.00014870922782048022,1.014870922782048
constant_suction,179,0.0,0.00014777010641691332,1.0147770106416913
constant_suction,180,0.0,0.0001429676429318811,1.0142967642931882
constant_suction,181,0.0,0.00012219945603985388,1.0122199456039853
constant_suction,182,0.0,0.00016484014233969605,1.0164840142339695
constant_suction,183,0.0,0.0001460583378557232,1.0146058337855723
constant_suction,184,0.0,0.0001541633635068876,1.0154163363506887
constant_suction,185,0.0,0.0001996495067168886,1.0199649506716888
constant_suction,186,0.0,0.00014681083305460112,1.01468108330546
constant_suction,187,0.0,0.00016289648675255565,1.0162896486752555
constant_suction,188,0.0,0.00012711077439812895,1.012711077439813
constant_suction,189,0.0,0.00020937905617081988,1.020937905617082
constant_suction,190,0.0,0.00012964214600576162,1.0129642146005762
constant_suction,191,0.0,0.00017531803373800628,1.0175318033738006
constant_suction,192,0.0,0.00010734146184285766,1.0107341461842858
constant_suction,193,0.0,0.0001335832203612062,1.0133583220361206
constant_suction,194,0.0,0.0001659512845897491,1.016595128458975
constant_suction,195,0.0,0.00014948607959073846,1.014948607959074
constant_suction,196,0.0,0.00019577544529352813,1.019577544529353
constant_suction,197,0.0,0.00018048847003408937,1.018048847003409
constant_suction,198,0.0,0.000160909858510624,1.0160909858510625
constant_suction,199,0.0,0.0002317716653952539,1.0231771665395253
constant_suction,200,0.0,0.00016108132866239673,1.0161081328662396
constant_suction,201,0.0,0.00017689675564046145,1.017689675564046
constant_suction,202,0.0,0.00015174175413269409,1.0151741754132695
constant_suction,203,0.0,0.00014669363435284606,1.0146693634352846
constant_suction,204,0.0,0.0001716088245250947,1.0171608824525096
constant_suction,205,0.0,0.0001801202904714971,1.0180120290471497
constant_suction,206,0.0,0.00014044828029652746,1.0140448280296528
constant_suction,207,0.0,0.00014609745762833153,1.0146097457628331
constant_suction,208,0.0,0.00014800528224074072,1.014800528224074
constant_suction,209,0.0,0.0001252137008489911,1.0125213700848992
constant_suction,210,0.0,0.00013825139881736053,1.013825139881736
constant_suction,211,0.0,0.00014903527658585315,1.0149035276585854
constant_suction,212,0.0,0.0002260441713784098,1.022604417137841
constant_suction,213,0.0,0.00017202598511076718,1.0172025985110766
constant_suction,214,0.0,0.00014728022150254662,1.0147280221502546
constant_suction,215,0.0,0.0001561338434982813,1.015613384349828
constant_suction,216,0.0,0.0001465621147476637,1.0146562114747664
constant_suction,217,0.0,0.00014509472226124616,1.0145094722261245
constant_suction,218,0.0,0.00012131453692551277,1.0121314536925512
constant_suction,219,0.0,0.00012554172124670988,1.012554172124671
constant_suction,220,0.0,0.00016466963873144278,1.0164669638731443
constant_suction,221,0.0,0.00015894335227411432,1.0158943352274115
constant_suction,222,0.0,0.0001857791508983409,1.0185779150898342
constant_suction,223,0.0,0.00019408272296279953,1.01940827229628
constant_suction,224,0.0,0.00016332679341297436,1.0163326793412975
constant_suction,225,0.0,0.00010671069784797041,1.0106710697847971
constant_suction,226,0.0,0.00015784661390013478,1.0157846613900134
constant_suction,227,0.0,0.00017282039012638613,1.0172820390126387
constant_suction,228,0.0,0.00023594802538054756,1.0235948025380548
constant_suction,229,0.0,0.00024046641181520588,1.0240466411815206
constant_suction,230,0.0,0.00019418627154406604,1.0194186271544066
constant_suction,231,0.0,0.00020775600528748382,1.0207756005287485
constant_suction,232,0.0,0.00015644745911784394,1.0156447459117843
constant_suction,233,0.0,0.00017937807622339742,1.0179378076223398
constant_suction,234,0.0,0.00014934216113740987,1.014934216113741
constant_suction,235,0.0,0.0001932012370698501,1.019320123706985
constant_suction,236,0.0,0.00023980862787432257,1.0239808627874323
constant_suction,237,0.0,0.0001841631050372028,1.0184163105037203
constant_suction,238,0.0,0.00014982603575945468,1.0149826035759455
constant_suction,239,0.0,0.0001983330502165675,1.0198333050216568
constant_suction,240,0.0,0.00012140644941445241,1.0121406449414452
constant_suction,241,0.0,0.00016115792039028546,1.0161157920390285
constant_suction,242,0.0,0.00015069531068720232,1.0150695310687203
constant_suction,243,0.0,0.00015975022313655595,1.0159750223136557
constant_suction,244,0.0,0.00010634109538762886,1.010634109538763
constant_suction,245,0.0,0.00023168272748918734,1.0231682727489186
constant_suction,246,0.0,0.00015203780200723633,1.0152037802007237
constant_suction,247,0.0,0.00014989823575926642,1.0149898235759267
constant_suction,248,0.0,0.0001841361851856177,1.0184136185185617
constant_suction,249,0.0,0.00012228709319016062,1.012228709319016
full_hysteretic_damage,0,19.069581353632948,0.006402321132397817,2.026718928029926
full_hysteretic_damage,1,18.237323483767785,0.004268597750023698,1.7451236136076067
full_hysteretic_damage,2,17.14464430318798,0.0026556047415518783,1.5274335177392548
full_hysteretic_damage,3,19.89558828253856,0.004843215908022752,1.852983573536085
full_hysteretic_damage,4,17.96192558670047,0.003415219812202967,1.6352431365732019
full_hysteretic_damage,5,16.370662036573023,0.003587333961167914,1.6247090186352984
full_hysteretic_damage,6,17.49517485799535,0.006160514119116352,1.9587356365280937
full_hysteretic_damage,7,20.674595403934006,0.006658012080861642,2.0999592962287603
full_hysteretic_damage,8,24.031541719492342,0.005503574902242022,2.0407910405389917
full_hysteretic_damage,9,15.761551717692484,0.00508909494979273,1.7912360991295555
full_hysteretic_damage,10,19.46891324471025,0.0050902747765396664,1.873844670989548
full_hysteretic_damage,11,19.937934136784104,0.004531304662597229,1.8150049597050886
full_hysteretic_damage,12,22.77773452037042,0.0032030839786072953,1.7097509243742828
full_hysteretic_damage,13,16.570345429448643,0.0036297581859422753,1.633682682266942
full_hysteretic_damage,14,18.295495316003993,0.004166019042039962,1.7338112625281912
full_hysteretic_damage,15,18.94452790097543,0.0039982918942218695,1.7270014635310877
full_hysteretic_damage,16,22.34975422241138,0.0035958253859919333,1.7509056474765152
full_hysteretic_damage,17,19.262283106021176,0.005279123382161859,1.8924393666253558
full_hysteretic_damage,18,15.767444936257457,0.004970564776799914,1.7772896435910104
full_hysteretic_damage,19,20.613594560148275,0.0034782118664120087,1.6977984822129244
full_hysteretic_damage,20,19.357197746889003,0.004648643674778173,1.8164849516018724
full_hysteretic_damage,21,15.008082028685017,0.004557447293608318,1.7128037160570373
full_hysteretic_damage,22,19.305867761726,0.0036732677039363593,1.6944562540881998
full_hysteretic_damage,23,16.863176982966486,0.00504073773524808,1.8091547390698888
full_hysteretic_damage,24,20.022779687096648,0.003636023094910723,1.7049883756350954
full_hysteretic_damage,25,17.05946940913978,0.004300802587308947,1.72422366790174
full_hysteretic_damage,26,22.25021668028044,0.0045758711716555114,1.8747153431562884
full_hysteretic_damage,27,13.845599788785787,0.0041145141468647145,1.6382812847935666
full_hysteretic_damage,28,17.7009911223167,0.004408011844557788,1.7506908091653521
full_hysteretic_damage,29,17.806863201633025,0.004512713508338137,1.765684347093379
full_hysteretic_damage,30,16.015110794722688,0.0055003636899044,1.8456133998126907
full_hysteretic_damage,31,15.76938182903969,0.003700342255416532,1.626527568349239
full_hysteretic_damage,32,18.18887383204567,0.004623791193682873,1.7875064039163733
full_hysteretic_damage,33,19.623198973381143,0.0055931463389643395,1.9400058399687077
full_hysteretic_damage,34,21.969673498093137,0.005338272876802932,1.9656809812820792
full_hysteretic_damage,35,23.4584789722649,0.005043159849292666,1.9653594085021806
full_hysteretic_damage,36,17.1512714040116,0.004490038698166543,1.7489753848640428
full_hysteretic_damage,37,18.948687789298685,0.0032919017956560435,1.639936656559287
full_hysteretic_damage,38,17.772800485283724,0.0054751231178563845,1.8819956424621742
full_hysteretic_damage,39,18.843705430332083,0.004015212005078637,1.7269408465966125
full_hysteretic_damage,40,15.715661692894727,0.004498519765708799,1.7201914444509032
full_hysteretic_damage,41,19.611312447560547,0.004469810695914875,1.7999809595692022
full_hysteretic_damage,42,17.641657056075342,0.005725667793358608,1.9094201305222651
full_hysteretic_damage,43,18.289805345141477,0.0027715823624655626,1.563034137467467
full_hysteretic_damage,44,19.651908298069582,0.005194749598140835,1.8911151809938718
full_hysteretic_damage,45,18.840095277605634,0.0044170308823818704,1.7763735592956893
full_hysteretic_damage,46,21.525437719584584,0.004003629466998871,1.7844800990363345
full_hysteretic_damage,47,17.66574380584402,0.005166012925721164,1.8420052146894403
full_hysteretic_damage,48,25.87162049621658,0.003148421997812507,1.773736602071738
full_hysteretic_damage,49,17.04940465938562,0.0038813616672463097,1.6734493116349825
full_hysteretic_damage,50,20.454674273302025,0.003949311654433244,1.75363059073519
full_hysteretic_damage,51,17.255063676050693,0.004530849362593865,1.7561013408367472
full_hysteretic_damage,52,15.843279487557401,0.005758916139109143,1.8725677572926789
full_hysteretic_damage,53,16.366471666728742,0.006347363178694873,1.9546422953187224
full_hysteretic_damage,54,21.40317750013556,0.0036475149582954375,1.7363952541871492
full_hysteretic_damage,55,19.257134639310582,0.0031718925198290504,1.6313382564500782
full_hysteretic_damage,56,18.64142108913903,0.004602267873871525,1.7948037034754787
full_hysteretic_damage,57,17.72806443276966,0.005652720848187214,1.90255896379103
full_hysteretic_damage,58,18.635839508641958,0.00557149288029002,1.913802439090356
full_hysteretic_damage,59,18.910188168788896,0.004540974913783783,1.7931938162652177
full_hysteretic_damage,60,20.586794045460515,0.00523269875624503,1.9181568824919462
full_hysteretic_damage,61,18.25874516489157,0.005486523543247964,1.8945786401845637
full_hysteretic_damage,62,19.499554350111904,0.004526892581314257,1.8045729391976912
full_hysteretic_damage,63,18.677238136108883,0.003918150873784125,1.7114705101972263
full_hysteretic_damage,64,19.189092895344018,0.005115798321844458,1.8705146202935705
full_hysteretic_damage,65,18.877830228886847,0.00480797358567491,1.8253917058007354
full_hysteretic_damage,66,17.446519435058228,0.004307847283170708,1.7331609988164283
full_hysteretic_damage,67,23.028848126889702,0.004207938005821067,1.8458783141563686
full_hysteretic_damage,68,21.70511811099679,0.005864385766063977,2.026235353232225
full_hysteretic_damage,69,19.363833844226235,0.004686474253126168,1.8213259574810003
full_hysteretic_damage,70,20.403685381910723,0.005604505802569309,1.9604558172625477
full_hysteretic_damage,71,19.96244336648068,0.003708130979552885,1.7127123260796777
full_hysteretic_damage,72,19.913333784768568,0.003862372807172169,1.7309214457644297
full_hysteretic_damage,73,17.093553425310432,0.005057732714993816,1.8162318296235818
full_hysteretic_damage,74,20.791232735584874,0.0045627461713711875,1.8385270563241758
full_hysteretic_damage,75,19.19038891593736,0.005617156392355426,1.9325865058439144
full_hysteretic_damage,76,18.14932441601116,0.004028179990411721,1.7138746736448238
full_hysteretic_damage,77,14.291037562809443,0.003767772337883718,1.606339867662387
full_hysteretic_damage,78,18.28691284648441,0.005864300552061676,1.9414638590581186
full_hysteretic_damage,79,18.614194222724066,0.005567350475095133,1.912784462403364
full_hysteretic_damage,80,18.070030230640473,0.0032681520123077424,1.619450373246667
full_hysteretic_damage,81,18.74143861096404,0.0067004688098772905,2.055225753988139
full_hysteretic_damage,82,15.247849621468069,0.004803144858066661,1.7466394412355062
full_hysteretic_damage,83,20.530589578762548,0.004273784811596037,1.7961357377557068
full_hysteretic_damage,84,14.797122691368823,0.0035636470737053032,1.591923594853913
full_hysteretic_damage,85,18.65963897097041,0.0050410872032999095,1.8491542222110238
full_hysteretic_damage,86,17.22242948938879,0.00582810328732969,1.9121246479806624
full_hysteretic_damage,87,18.563768278069652,0.0038234364313259996,1.6974553143037217
full_hysteretic_damage,88,18.69405364355354,0.004723524740826676,1.810879203875019
full_hysteretic_damage,89,15.939517500786069,0.0038960469979788656,1.6531010273595337
full_hysteretic_damage,90,22.250686229158774,0.00411027661369388,1.8148425920880267
full_hysteretic_damage,91,21.18554236024863,0.005509621270297037,1.9678650002502214
full_hysteretic_damage,92,17.20214872992781,0.004623495613236681,1.7661684921674337
full_hysteretic_damage,93,20.17744905293207,0.004527742705595483,1.8200048148334858
full_hysteretic_damage,94,20.78046772433759,0.0033990061394796748,1.6913765777933125
full_hysteretic_damage,95,20.02502489585612,0.003898160367607582,1.7378136535221567
full_hysteretic_damage,96,20.95098359225557,0.005914219254133798,2.0132090160421883
full_hysteretic_damage,97,16.906412694895874,0.00653257840292357,1.989633489070466
full_hysteretic_damage,98,20.67305929353579,0.002897102207049226,1.6258161593263443
full_hysteretic_damage,99,18.281185344332417,0.004421297950814852,1.7647463453282808
full_hysteretic_damage,100,19.45068387289933,0.004135592774876626,1.7548991666883602
full_hysteretic_damage,101,16.97755864072902,0.005256294618411573,1.837610936107208
full_hysteretic_damage,102,17.40452709901846,0.003154266297304683,1.59261347326802
full_hysteretic_damage,103,17.517606599353527,0.0034681889116301694,1.632856220140262
full_hysteretic_damage,104,18.883474398739438,0.003667280898194142,1.6848947605790643
full_hysteretic_damage,105,18.16954623067591,0.0028408182065177653,1.5691979715419129
full_hysteretic_damage,106,24.03284687037949,0.0027937442681973323,1.684115271026116
full_hysteretic_damage,107,18.497915659325624,0.004761908452140151,1.8112307889496615
full_hysteretic_damage,108,20.179717490401718,0.005464775773678142,1.9374493909888784
full_hysteretic_damage,109,22.178610273797695,0.004734578505701146,1.8933841399570948
full_hysteretic_damage,110,19.99286985650604,0.004806641902123621,1.8506652939016424
full_hysteretic_damage,111,14.539218617331787,0.0040128057744651885,1.6396767672553767
full_hysteretic_damage,112,14.649416446191902,0.00567457937268661,1.8364935211959958
full_hysteretic_damage,113,19.280609048178828,0.0048555112420400025,1.8403894116231359
full_hysteretic_damage,114,20.117680181058255,0.00582619352763459,1.9811885237566518
full_hysteretic_damage,115,15.396409124626794,0.003921352487488471,1.6454800964648844
full_hysteretic_damage,116,18.01320436710246,0.003952671571013124,1.7018193555810295
full_hysteretic_damage,117,15.268623191378733,0.004819710734585641,1.7490227696946572
full_hysteretic_damage,118,19.623829221824742,0.0037449703073066994,1.7100802606335288
full_hysteretic_damage,119,17.223431133557714,0.003761798076456025,1.662523376471463
full_hysteretic_damage,120,19.563577120441163,0.006088202383322704,2.0001141034593637
full_hysteretic_damage,121,19.571014101279232,0.0035302679623021144,1.6822626583082798
full_hysteretic_damage,122,17.474452801842915,0.004766454058655774,1.7893191332859808
full_hysteretic_damage,123,17.477002613048814,0.003956864031055128,1.6912696427653071
full_hysteretic_damage,124,17.89782966421272,0.003332641277891313,1.623908506116529
full_hysteretic_damage,125,22.359336000065422,0.0044073856614532635,1.8556494650104232
full_hysteretic_damage,126,19.115355946242488,0.0033813059040370967,1.6543691402219216
full_hysteretic_damage,127,14.97841667766726,0.004656954641215606,1.7239098671743556
full_hysteretic_damage,128,15.963511960615813,0.004877160023205263,1.7703214841906525
full_hysteretic_damage,129,20.183839400018663,0.005051219730522573,1.8857358732093776
full_hysteretic_damage,130,18.515640162423896,0.00491666808055414,1.830617324636009
full_hysteretic_damage,131,20.433945888798267,0.0031392073994802316,1.651358427441537
full_hysteretic_damage,132,20.20936848458159,0.004691980285949561,1.8413164561945525
full_hysteretic_damage,133,18.534988891168435,0.0035165415338843584,1.6591836605567025
full_hysteretic_damage,134,16.427074958696586,0.004580578902034666,1.7446534143478467
full_hysteretic_damage,135,17.133919111932343,0.0040475517442870364,1.6952113088661611
full_hysteretic_damage,136,18.841380404571368,0.004031109935929899,1.728850244850668
full_hysteretic_damage,137,16.69159649137599,0.004867094555214376,1.7845852193861027
full_hysteretic_damage,138,16.943189790885285,0.005106955229884527,1.818870143441492
full_hysteretic_damage,139,17.031518380873784,0.003717744549593979,1.6533681564243201
full_hysteretic_damage,140,17.98076606576451,0.004273707607766161,1.740287847507949
full_hysteretic_damage,141,17.176040496269074,0.00427040993244215,1.7229808883743742
full_hysteretic_damage,142,17.38040822226459,0.0047233562029471215,1.7820659587082126
full_hysteretic_damage,143,19.823903292763767,0.005927277736356665,1.9865369343827335
full_hysteretic_damage,144,16.2217954853248,0.005076983153709909,1.7996307322471818
full_hysteretic_damage,145,13.620933354744114,0.0062860800804184136,1.8854197796906709
full_hysteretic_damage,146,16.79001730821727,0.00374609760363451,1.651976981482053
full_hysteretic_damage,147,19.639967704349935,0.003088292163258077,1.6287066828327488
full_hysteretic_damage,148,15.163875150650048,0.004312784826104669,1.6871096895952034
full_hysteretic_damage,149,23.257822264593276,0.00351214998069611,1.760720164507656
full_hysteretic_damage,150,19.855544802450073,0.0043090662941609745,1.7854093909416722
full_hysteretic_damage,151,18.77537442652618,0.004970085705247265,1.8430476717563553
full_hysteretic_damage,152,17.40912301400908,0.005320880051389937,1.8550329782778148
full_hysteretic_damage,153,16.97216934360329,0.004426202613392047,1.737514096097922
full_hysteretic_damage,154,18.14312994018021,0.004409958976106346,1.7603847991715007
full_hysteretic_damage,155,19.87568697320477,0.006153689000357569,2.0160783150746564
full_hysteretic_damage,156,21.209849905432346,0.007313983860309223,2.1974807561006244
full_hysteretic_damage,157,15.891402978602892,0.004463202003646582,1.7195866434399287
full_hysteretic_damage,158,17.86544705264796,0.005657997535866609,1.9063837293791968
full_hysteretic_damage,159,18.813662346978816,0.00474302880513333,1.8159494850159308
full_hysteretic_damage,160,28.478562511488942,0.006533974969358681,2.311750930903009
full_hysteretic_damage,161,20.75508483128167,0.0046282266951378406,1.8459514612380183
full_hysteretic_damage,162,15.006447416474465,0.004081600911414632,1.656784601111508
full_hysteretic_damage,163,21.06959783044711,0.004284106839955295,1.8097091168078878
full_hysteretic_damage,164,19.526255090424623,0.003492576403072877,1.6766432851153954
full_hysteretic_damage,165,20.03603214270009,0.003992865394516418,1.7498963307432986
full_hysteretic_damage,166,17.431025168232846,0.005949458024745686,1.9316526646046448
full_hysteretic_damage,167,20.78888969455655,0.0031753255746290432,1.6633178759676623
full_hysteretic_damage,168,22.646977546486205,0.005025075155122711,1.942403112192831
full_hysteretic_damage,169,16.17674671632558,0.005264204238247977,1.820998784978066
full_hysteretic_damage,170,17.66313487643026,0.0028894221646699144,1.5654497102027982
full_hysteretic_damage,171,18.5917792281538,0.004297387581913251,1.7562584523230098
full_hysteretic_damage,172,19.011501363997525,0.00421959502047831,1.7557548614880925
full_hysteretic_damage,173,16.578852176357465,0.003984177653166696,1.6763348405047258
full_hysteretic_damage,174,19.068057936741315,0.0040836121096959315,1.7401796806862466
full_hysteretic_damage,175,15.089137783250926,0.0053773983804949604,1.8110048560385121
full_hysteretic_damage,176,16.80685216778339,0.0038782306766781322,1.6681939604770883
full_hysteretic_damage,177,15.338361390621438,0.0048370343051900005,1.7525097020206266
full_hysteretic_damage,178,17.39908583536887,0.0051116494529325675,1.8294772649626705
full_hysteretic_damage,179,18.97235545839921,0.004621613150711489,1.804521559701089
full_hysteretic_damage,180,18.834016425630686,0.003479647076550285,1.660750782894092
full_hysteretic_damage,181,19.30720687808479,0.007427852959911736,2.1597781270975163
full_hysteretic_damage,182,20.86423217196646,0.004674471611031857,1.8543412181101608
full_hysteretic_damage,183,17.48982033180697,0.0045108969541351055,1.7586795971708367
full_hysteretic_damage,184,16.28033308878413,0.004397357557679166,1.7197103248090395
full_hysteretic_damage,185,17.766985856814202,0.003853698850240463,1.6846881990873057
full_hysteretic_damage,186,18.088685149881425,0.005453170587572527,1.886573377054044
full_hysteretic_damage,187,19.06607329259624,0.0033235572959317713,1.646226476085825
full_hysteretic_damage,188,16.141023955879156,0.004136787305417887,1.685781054371577
full_hysteretic_damage,189,19.391075771914107,0.004959162733699144,1.8557700498981533
full_hysteretic_damage,190,20.118679305275414,0.004764932027201539,1.8483585272240781
full_hysteretic_damage,191,18.259644345683594,0.004778990176192994,1.8080408456618418
full_hysteretic_damage,192,21.538727853565202,0.0045918078237685445,1.8597465252074146
full_hysteretic_damage,193,18.66923960490235,0.004207617371081235,1.746893463440141
full_hysteretic_damage,194,19.437285995611674,0.004381221144333467,1.785096408687288
full_hysteretic_damage,195,15.501154627361379,0.00485166318918938,1.757617293312562
full_hysteretic_damage,196,19.740515830930935,0.00391386194943039,1.7336096903040659
full_hysteretic_damage,197,20.726543417625802,0.005998019542340307,2.0180802291264457
full_hysteretic_damage,198,16.05238251507677,0.0053985771137238054,1.8343078189788231
full_hysteretic_damage,199,17.064910791377397,0.0047437910036649805,1.7777506655327862
full_hysteretic_damage,200,17.519410660137538,0.004282666025874506,1.73163966700366
full_hysteretic_damage,201,17.10646558733132,0.004512397365189538,1.7507272995433523
full_hysteretic_damage,202,21.564676962158927,0.0036964262234181065,1.746206389283343
full_hysteretic_damage,203,17.554474277095192,0.004330782017333973,1.7382122185137125
full_hysteretic_damage,204,16.9098865331349,0.004159916720671315,1.704163844512987
full_hysteretic_damage,205,16.581015940167706,0.0050093513939420235,1.7992728589425835
full_hysteretic_damage,206,21.351791390074887,0.0036028716177610495,1.729584418791761
full_hysteretic_damage,207,19.07612828440615,0.00672279534837283,2.0664848324540044
full_hysteretic_damage,208,19.355379373380078,0.00494323895061292,1.8529740526400738
full_hysteretic_damage,209,17.51810497715663,0.004043143356231522,1.7025728315701611
full_hysteretic_damage,210,18.463418026218307,0.004360631146670496,1.7612500792942478
full_hysteretic_damage,211,18.730598743808752,0.004120464024090757,1.737488378876796
full_hysteretic_damage,212,15.319639012968548,0.0050402594443463,1.776121318926554
full_hysteretic_damage,213,19.242125441390538,0.003959946908454897,1.7286174239669423
full_hysteretic_damage,214,15.929613180629902,0.0047256409828157295,1.7515847779378708
full_hysteretic_damage,215,18.14289061903419,0.004446435647956891,1.7648357921756899
full_hysteretic_damage,216,16.520156504019784,0.005259763088437201,1.8279577978811137
full_hysteretic_damage,217,15.211635521854431,0.004278658153229568,1.6840350962200634
full_hysteretic_damage,218,16.382375624340426,0.005251120153069702,1.823912155714051
full_hysteretic_damage,219,14.189396808112633,0.004394604313204234,1.6774855061926794
full_hysteretic_damage,220,17.14306821027019,0.005030508313375005,1.814031486408244
full_hysteretic_damage,221,17.242403819679975,0.003813043916549791,1.669096802479936
full_hysteretic_damage,222,23.015746163422985,0.004065017287965552,1.8269992351712494
full_hysteretic_damage,223,14.620248124802677,0.004337520511926532,1.6792647199167554
full_hysteretic_damage,224,17.947633967053996,0.0037106064066709334,1.6709580807414857
full_hysteretic_damage,225,17.919799638671787,0.002972259008916724,1.5804370544675908
full_hysteretic_damage,226,18.08281010985828,0.004579730966743949,1.779813368390282
full_hysteretic_damage,227,14.662408007166507,0.0039018169384592055,1.6290378734411275
full_hysteretic_damage,228,18.068601642314682,0.004098499927931683,1.720768864017468
full_hysteretic_damage,229,15.424288773862914,0.0045028160963320185,1.7147731761373708
full_hysteretic_damage,230,19.40393914972614,0.004585431625801069,1.8096953463888188
full_hysteretic_damage,231,20.2195297444046,0.0040570773138027365,1.7619697237641745
full_hysteretic_damage,232,23.877468393248662,0.006538372715042347,2.172598883137454
full_hysteretic_damage,233,19.055549001882433,0.005752482983611798,1.9460855919546771
full_hysteretic_damage,234,16.74756588151516,0.002773393380550902,1.5342966864334333
full_hysteretic_damage,235,20.331712217135927,0.00424713774467697,1.7883072601619785
full_hysteretic_damage,236,17.625689659698253,0.00485555901347751,1.8034213521311153
full_hysteretic_damage,237,17.2286944017626,0.004542094930736522,1.7569005134849767
full_hysteretic_damage,238,16.73031040247773,0.0041713072636617,1.7018566217981164
full_hysteretic_damage,239,17.53606102292063,0.005566332207314728,1.887653245819527
full_hysteretic_damage,240,19.19225656651021,0.005441885893679382,1.9109413575431782
full_hysteretic_damage,241,18.534520121407486,0.004331729029578732,1.7592395025398753
full_hysteretic_damage,242,23.119019239246608,0.0034542210134910546,1.7500064229616639
full_hysteretic_damage,243,17.801180118858788,0.005213533899160702,1.8508214498893463
full_hysteretic_damage,244,22.498763998738376,0.005012506873448701,1.9370667679679736
full_hysteretic_damage,245,18.174390718464224,0.004526292890542429,1.7752746381101907
full_hysteretic_damage,246,21.483435188671812,0.005079514827440471,1.9205520342969509
full_hysteretic_damage,247,17.446217847992564,0.0026924455660797216,1.537475962362202
full_hysteretic_damage,248,15.785819207939454,0.004038497917731426,1.6669992851197968
full_hysteretic_damage,249,18.701873282826682,0.0044087330002303285,1.7723327193450138
hysteresis_only,0,3.1013855565513726e-14,0.0045072613859701936,1.45072613859702
hysteresis_only,1,3.832937905465695e-14,0.005727368588453752,1.5727368588453758
hysteresis_only,2,4.0334598520323056e-14,0.005025434097215182,1.502543409721519
hysteresis_only,3,3.6617448630448887e-14,0.004637422329487046,1.4637422329487053
hysteresis_only,4,3.571062651307961e-14,0.00414161374559501,1.4141613745595016
hysteresis_only,5,3.1878993215117986e-14,0.006160530297336321,1.6160530297336329
hysteresis_only,6,2.8234099903461377e-14,0.004123999108631444,1.412399910863145
hysteresis_only,7,3.290145330865972e-14,0.004663741074344897,1.4663741074344905
hysteresis_only,8,3.232474211408933e-14,0.005647760520285393,1.56477605202854
hysteresis_only,9,4.066137409632043e-14,0.005782835496294281,1.5782835496294287
hysteresis_only,10,3.780918722497613e-14,0.004539901975214226,1.4539901975214233
hysteresis_only,11,2.787544941291769e-14,0.003481417947203504,1.3481417947203511
hysteresis_only,12,2.8969422817405444e-14,0.005006366427078226,1.5006366427078233
hysteresis_only,13,3.518427880245839e-14,0.004537673927363207,1.4537673927363215
hysteresis_only,14,3.601592984653401e-14,0.003083136900122238,1.3083136900122245
hysteresis_only,15,3.115290253947062e-14,0.0033887377798170783,1.3388737779817086
hysteresis_only,16,3.7226084569009897e-14,0.0037016910616831083,1.3701691061683114
hysteresis_only,17,3.388560904140689e-14,0.004717592132593565,1.471759213259357
hysteresis_only,18,4.2520103026670187e-14,0.005543821384513653,1.554382138451366
hysteresis_only,19,3.531058222843871e-14,0.003993736680499319,1.3993736680499325
hysteresis_only,20,3.5513718163708035e-14,0.00375731684043042,1.3757316840430427
hysteresis_only,21,3.7119663758362723e-14,0.005371485648681258,1.5371485648681265
hysteresis_only,22,2.676087537712115e-14,0.003564823451991579,1.3564823451991581
hysteresis_only,23,3.2876642258708316e-14,0.005352287573083823,1.535228757308383
hysteresis_only,24,3.3247303200771844e-14,0.006032454863194602,1.6032454863194607
hysteresis_only,25,3.27175538328327e-14,0.004471893331642241,1.4471893331642247
hysteresis_only,26,3.099812007791415e-14,0.004309164083585406,1.4309164083585413
hysteresis_only,27,3.6702136273276985e-14,0.003800696856005718,1.3800696856005725
hysteresis_only,28,3.0043986451273396e-14,0.0031488180399265224,1.3148818039926529
hysteresis_only,29,4.0258630641889925e-14,0.004626568936766178,1.4626568936766184
hysteresis_only,30,3.1403360784516766e-14,0.006936131639994531,1.6936131639994538
hysteresis_only,31,2.6575027477559057e-14,0.003668126188253984,1.3668126188253986
hysteresis_only,32,3.21630153418958e-14,0.00544802174730585,1.5448021747305856
hysteresis_only,33,3.8391295559209695e-14,0.0032787990101705976,1.3278799010170605
hysteresis_only,34,3.598189114517643e-14,0.0026944619895262743,1.2694461989526282
hysteresis_only,35,2.891915355401412e-14,0.003840089737405191,1.3840089737405197
hysteresis_only,36,3.520581350196381e-14,0.002864816304021001,1.2864816304021007
hysteresis_only,37,3.2892341267085376e-14,0.0038980264779232207,1.3898026477923227
hysteresis_only,38,2.8550635411364464e-14,0.005715520793395902,1.5715520793395907
hysteresis_only,39,3.433451262314672e-14,0.003451128804236094,1.34511288042361
hysteresis_only,40,3.7102660008947275e-14,0.005335672998546363,1.533567299854637
hysteresis_only,41,3.675849154761582e-14,0.004928615654027262,1.4928615654027269
hysteresis_only,42,3.2068094411215575e-14,0.002985899416943041,1.2985899416943048
hysteresis_only,43,3.1967366231944786e-14,0.004009805027413731,1.4009805027413738
hysteresis_only,44,3.939460306278262e-14,0.005079817688840343,1.507981768884035
hysteresis_only,45,3.0875168716929225e-14,0.0035911174689746096,1.3591117468974616
hysteresis_only,46,2.9056531662508484e-14,0.003721231342574861,1.3721231342574869
hysteresis_only,47,3.625791645862324e-14,0.003765462309453402,1.376546230945341
hysteresis_only,48,3.909165473984174e-14,0.0058906915334456635,1.5890691533445669
hysteresis_only,49,3.141685154506081e-14,0.004496560232392555,1.4496560232392561
hysteresis_only,50,3.9790075471243384e-14,0.00434587544090985,1.4345875440909857
hysteresis_only,51,3.170298041514504e-14,0.004621213781424907,1.4621213781424913
hysteresis_only,52,3.106099830771045e-14,0.004809575437853718,1.4809575437853724
hysteresis_only,53,3.438274606170466e-14,0.0047054987463504205,1.4705498746350427
hysteresis_only,54,3.622684757548868e-14,0.005595392386160142,1.5595392386160147
hysteresis_only,55,3.103759068833308e-14,0.002683398826770493,1.26833988267705
hysteresis_only,56,3.3451885808859344e-14,0.0031741578087446593,1.3174157808744666
hysteresis_only,57,3.1355219681101175e-14,0.0035811788490808113,1.3581178849080817
hysteresis_only,58,3.0986182048219876e-14,0.00437696731615412,1.4376967316154128
hysteresis_only,59,2.9933760728222893e-14,0.00556499264264911,1.5564992642649116
hysteresis_only,60,4.1100254314133615e-14,0.004646745342421707,1.4646745342421714
hysteresis_only,61,3.989794696567258e-14,0.005832420156575084,1.583242015657509
hysteresis_only,62,4.0110087783812153e-14,0.004649052574254107,1.4649052574254113
hysteresis_only,63,3.088909776280481e-14,0.0037352661623035865,1.3735266162303594
hysteresis_only,64,3.7371846202399606e-14,0.0044809179890265265,1.4480917989026534
hysteresis_only,65,2.6912948689779826e-14,0.005962564476038472,1.5962564476038477
hysteresis_only,66,3.1206723639362414e-14,0.004060493232344603,1.406049323234461
hysteresis_only,67,2.729620888159315e-14,0.004723742354296848,1.4723742354296852
hysteresis_only,68,3.8485585193653294e-14,0.005712015798335522,1.5712015798335528
hysteresis_only,69,3.4445309438446234e-14,0.0036285835704626883,1.3628583570462696
hysteresis_only,70,3.529580309078716e-14,0.0045686784688895405,1.4568678468889547
hysteresis_only,71,3.277843018376937e-14,0.004019404871612042,1.401940487161205
hysteresis_only,72,3.647465722785448e-14,0.0032548749085837816,1.325487490858379
hysteresis_only,73,3.102600420381988e-14,0.004978951298320552,1.4978951298320557
hysteresis_only,74,3.1894325425434915e-14,0.0040929895531737065,1.4092989553173714
hysteresis_only,75,2.862891209807375e-14,0.003167888139610992,1.3167888139611
hysteresis_only,76,2.5701834005960243e-14,0.004240458767651751,1.4240458767651754
hysteresis_only,77,2.6047508127489474e-14,0.0052493480316721085,1.5249348031672114
hysteresis_only,78,3.542907164874491e-14,0.004607745199350705,1.4607745199350712
hysteresis_only,79,4.4458687449773605e-14,0.004557019766604987,1.4557019766604993
hysteresis_only,80,2.3862750644623298e-14,0.004889588734177631,1.4889588734177635
hysteresis_only,81,3.991762728555167e-14,0.006210400625111355,1.621040062511136
hysteresis_only,82,3.0255451083638265e-14,0.004044426646417633,1.404442664641764
hysteresis_only,83,2.356346203742456e-14,0.005106542173830709,1.5106542173830713
hysteresis_only,84,3.5758439857077154e-14,0.004459974807434077,1.4459974807434084
hysteresis_only,85,3.9117915723112326e-14,0.004237266428639495,1.4237266428639501
hysteresis_only,86,2.841519892479884e-14,0.0030118999604072756,1.3011899960407283
hysteresis_only,87,4.107824473471802e-14,0.005262076104494038,1.5262076104494045
hysteresis_only,88,2.898470884106313e-14,0.0034582956778622955,1.3458295677862302
hysteresis_only,89,4.04290539512368e-14,0.0035224505540948025,1.352245055409481
hysteresis_only,90,3.226485539872053e-14,0.00269838799444331,1.2698387994443316
hysteresis_only,91,3.891182238745717e-14,0.003922233252256851,1.3922233252256857
hysteresis_only,92,2.864272235938792e-14,0.007734321486980622,1.773432148698063
hysteresis_only,93,3.0443099410118e-14,0.0040744465451982475,1.4074446545198254
hysteresis_only,94,4.0960201746761707e-14,0.0035000818100595354,1.3500081810059543
hysteresis_only,95,2.9742816867930724e-14,0.0047010785094876,1.4701078509487606
hysteresis_only,96,3.812536922611776e-14,0.004131134838772996,1.4131134838773003
hysteresis_only,97,3.621855305393666e-14,0.004594411154632479,1.4594411154632485
hysteresis_only,98,3.551885698855652e-14,0.003203052736880339,1.3203052736880345
hysteresis_only,99,2.8132569844795328e-14,0.004062533285601222,1.4062533285601229
hysteresis_only,100,3.4137347922040794e-14,0.004233246480391647,1.4233246480391653
hysteresis_only,101,3.001696954623854e-14,0.003415892921219835,1.341589292121984
hysteresis_only,102,2.7476168390278897e-14,0.005751732844079535,1.575173284407954
hysteresis_only,103,3.192156342973863e-14,0.004380401833410051,1.4380401833410057
hysteresis_only,104,2.981347232381167e-14,0.006800046538680225,1.6800046538680233
hysteresis_only,105,3.640348008627076e-14,0.0034550556543854185,1.3455055654385426
hysteresis_only,106,3.387468574051699e-14,0.005777862555156809,1.5777862555156816
hysteresis_only,107,3.076935322711104e-14,0.0048256483644899175,1.4825648364489925
hysteresis_only,108,3.005319260075665e-14,0.004202917546228372,1.420291754622838
hysteresis_only,109,4.131380139950051e-14,0.005959624284076325,1.5959624284076332
hysteresis_only,110,2.752922209466811e-14,0.004859703237983567,1.4859703237983568
hysteresis_only,111,3.213466874802875e-14,0.005370824334192452,1.5370824334192459
hysteresis_only,112,2.942205471225982e-14,0.006309764658718464,1.630976465871847
hysteresis_only,113,2.690182557965478e-14,0.0035990745070029243,1.3599074507002926
hysteresis_only,114,3.534622219371027e-14,0.0052906669781376415,1.5290666978137648
hysteresis_only,115,3.138026855524865e-14,0.00459395676109899,1.4593956761098996
hysteresis_only,116,3.1434556946739953e-14,0.0033270344341488228,1.332703443414883
hysteresis_only,117,3.545653070926032e-14,0.004609238437418392,1.46092384374184
hysteresis_only,118,4.496326649808663e-14,0.004723253909345891,1.47232539093459
hysteresis_only,119,3.100102097077389e-14,0.004238337602970254,1.4238337602970261
hysteresis_only,120,3.164330487496673e-14,0.0038179515271811277,1.3817951527181134
hysteresis_only,121,3.854560114239438e-14,0.004869042519853815,1.4869042519853821
hysteresis_only,122,2.8380285531615163e-14,0.004554539670951998,1.4554539670952005
hysteresis_only,123,3.19709769702087e-14,0.0027687235685201453,1.2768723568520153
hysteresis_only,124,3.3168977776229097e-14,0.00828456549905731,1.828456549905732
hysteresis_only,125,2.9314690864042636e-14,0.0036856358457708445,1.3685635845770852
hysteresis_only,126,2.832652307428866e-14,0.0044490424297376025,1.4449042429737609
hysteresis_only,127,3.35085214552015e-14,0.004934782565804428,1.4934782565804434
hysteresis_only,128,3.298640166679604e-14,0.006128326323005426,1.6128326323005433
hysteresis_only,129,3.656255925408801e-14,0.0037749018132877195,1.3774901813287725
hysteresis_only,130,3.289579680770369e-14,0.003728752594766672,1.3728752594766678
hysteresis_only,131,3.024954562893155e-14,0.003810959400935254,1.381095940093526
hysteresis_only,132,3.140536952833968e-14,0.003794983686603418,1.3794983686603424
hysteresis_only,133,3.014698605970615e-14,0.0043096458980088235,1.430964589800883
hysteresis_only,134,3.658863955919958e-14,0.004233360386344776,1.4233360386344782
hysteresis_only,135,2.507577475616859e-14,0.0053230275710151485,1.5323027571015153
hysteresis_only,136,3.010097477876008e-14,0.0048342378755427936,1.48342378755428
hysteresis_only,137,3.0965529773881146e-14,0.004027827137495901,1.4027827137495907
hysteresis_only,138,3.687812821588043e-14,0.003498178368878896,1.3498178368878901
hysteresis_only,139,3.1633322050333505e-14,0.006801170636254545,1.6801170636254552
hysteresis_only,140,3.088889643901182e-14,0.0031993703436259593,1.3199370343625965
hysteresis_only,141,3.429733395010586e-14,0.003854191050121329,1.3854191050121336
hysteresis_only,142,3.241300349369456e-14,0.003785323014864198,1.3785323014864204
hysteresis_only,143,3.413846305372084e-14,0.004873706014969112,1.487370601496912
hysteresis_only,144,3.6597993511549026e-14,0.004216279752505008,1.4216279752505014
hysteresis_only,145,3.8171688162483115e-14,0.005235801603236632,1.5235801603236638
hysteresis_only,146,3.43428832523153e-14,0.003593991657857741,1.3593991657857747
hysteresis_only,147,2.784340187060428e-14,0.0039136047079856556,1.3913604707985663
hysteresis_only,148,3.637682021223083e-14,0.0034536521464596207,1.3453652146459627
hysteresis_only,149,3.0666563482340314e-14,0.0043376484250910235,1.433764842509103
hysteresis_only,150,3.255746482014868e-14,0.0029625819691428018,1.2962581969142808
hysteresis_only,151,3.2681860620400295e-14,0.0031436237639286125,1.314362376392862
hysteresis_only,152,3.774868014335506e-14,0.0033288669970775527,1.332886699707756
hysteresis_only,153,3.65858326564034e-14,0.005065990070237708,1.5065990070237716
hysteresis_only,154,3.472487203839145e-14,0.004174175645070767,1.4174175645070775
hysteresis_only,155,3.63240793730359e-14,0.004427022320785825,1.4427022320785832
hysteresis_only,156,2.906898865344929e-14,0.005758747597420716,1.5758747597420724
hysteresis_only,157,3.994960668038696e-14,0.004234025985423269,1.4234025985423275
hysteresis_only,158,3.7026997919398256e-14,0.004232605830926742,1.4232605830926748
hysteresis_only,159,3.5199341768143376e-14,0.0028884691780043364,1.2888469178004343
hysteresis_only,160,3.0762916667621086e-14,0.002889630344087929,1.2889630344087937
hysteresis_only,161,3.4476915283810736e-14,0.002979987901273449,1.2979987901273455
hysteresis_only,162,2.5958485173955964e-14,0.004346851514370177,1.4346851514370178
hysteresis_only,163,3.2608895617206125e-14,0.002841725680281081,1.2841725680281086
hysteresis_only,164,4.0143438837222824e-14,0.004437184748045863,1.443718474804587
hysteresis_only,165,3.573847076953769e-14,0.004566281587925497,1.4566281587925503
hysteresis_only,166,3.5573114166412677e-14,0.005125577304422187,1.5125577304422195
hysteresis_only,167,2.6774061285064427e-14,0.004569940739255003,1.4569940739255005
hysteresis_only,168,3.320016360359786e-14,0.005021685991386078,1.5021685991386085
hysteresis_only,169,3.0229238068092264e-14,0.0037546410410422074,1.3754641041042215
hysteresis_only,170,3.00859372356005e-14,0.004447548350468259,1.4447548350468267
hysteresis_only,171,3.42971316762014e-14,0.005039590012047307,1.5039590012047312
hysteresis_only,172,3.5107216619521263e-14,0.00508289813786844,1.5082898137868448
hysteresis_only,173,4.191012823608558e-14,0.0051968846196478275,1.5196884619647835
hysteresis_only,174,3.189039706454272e-14,0.002717902246978156,1.2717902246978163
hysteresis_only,175,4.067809986545533e-14,0.006472996339155671,1.6472996339155677
hysteresis_only,176,3.083682006240785e-14,0.003123322665150348,1.3123322665150354
hysteresis_only,177,3.492914741906084e-14,0.0032709785611662176,1.3270978561166225
hysteresis_only,178,3.706170062480348e-14,0.004295316073728774,1.429531607372878
hysteresis_only,179,2.9682741660398414e-14,0.0034395174088622717,1.3439517408862278
hysteresis_only,180,3.6058650901952083e-14,0.0033831766263797483,1.3383176626379754
hysteresis_only,181,3.209336049524523e-14,0.004376198475641923,1.437619847564193
hysteresis_only,182,2.728971088853411e-14,0.003501677030592023,1.3501677030592025
hysteresis_only,183,2.7118383120483966e-14,0.004750337130435732,1.4750337130435736
hysteresis_only,184,3.36669152525278e-14,0.004696624826451623,1.469662482645163
hysteresis_only,185,3.2334566820647466e-14,0.004113549706768861,1.4113549706768869
hysteresis_only,186,3.540183143201531e-14,0.0031631745410088266,1.3163174541008833
hysteresis_only,187,4.054346768356091e-14,0.004942308731265065,1.4942308731265073
hysteresis_only,188,2.716758934273734e-14,0.003232540833902855,1.3232540833902857
hysteresis_only,189,3.040612133260689e-14,0.004019550842801075,1.401955084280108
hysteresis_only,190,3.067930166955406e-14,0.005344835052263317,1.5344835052263324
hysteresis_only,191,3.472068320044404e-14,0.004464731902398635,1.4464731902398642
hysteresis_only,192,3.2248264686342326e-14,0.003984388780929771,1.3984388780929777
hysteresis_only,193,3.9153679023548144e-14,0.004155251800125423,1.415525180012543
hysteresis_only,194,3.696940274181272e-14,0.004079433982212902,1.4079433982212908
hysteresis_only,195,3.5982606835634475e-14,0.003716301519673363,1.3716301519673368
hysteresis_only,196,3.3138619187356384e-14,0.0042950839531270685,1.4295083953127075
hysteresis_only,197,3.913755958020561e-14,0.00514097250050467,1.5140972500504677
hysteresis_only,198,3.384421859575998e-14,0.0029859000877623582,1.2985900087762365
hysteresis_only,199,3.3295797812844694e-14,0.004743580863969222,1.4743580863969228
hysteresis_only,200,3.6716098453216654e-14,0.0043190541146991435,1.431905411469915
hysteresis_only,201,3.191530074345914e-14,0.004814717181375359,1.4814717181375365
hysteresis_only,202,3.450400972683918e-14,0.003670574673901202,1.3670574673901208
hysteresis_only,203,2.965073951448166e-14,0.005301490686129285,1.530149068612929
hysteresis_only,204,2.936054502723723e-14,0.0038106523101972987,1.3810652310197307
hysteresis_only,205,3.48640693209918e-14,0.004323633306675784,1.4323633306675791
hysteresis_only,206,3.49433252874293e-14,0.004394708848518144,1.4394708848518152
hysteresis_only,207,3.210525719208657e-14,0.004340811173339093,1.4340811173339099
hysteresis_only,208,3.931483913259145e-14,0.005123778792823361,1.5123778792823368
hysteresis_only,209,4.438554428667398e-14,0.003939048130046604,1.3939048130046612
hysteresis_only,210,3.340501867082402e-14,0.004207160106729832,1.420716010672984
hysteresis_only,211,2.8591889600772164e-14,0.003833750722995489,1.3833750722995495
hysteresis_only,212,3.054563534690426e-14,0.003373659475263216,1.3373659475263222
hysteresis_only,213,3.138135715757918e-14,0.003465006879251343,1.3465006879251349
hysteresis_only,214,2.6340587394888424e-14,0.0032794732600634983,1.3279473260063501
hysteresis_only,215,3.6244058118276794e-14,0.004317320632391646,1.4317320632391652
hysteresis_only,216,4.158548564659426e-14,0.004402734048650126,1.4402734048650132
hysteresis_only,217,3.4120492523535665e-14,0.004277113107070176,1.4277113107070183
hysteresis_only,218,3.2197783350649984e-14,0.004600213995894083,1.460021399589409
hysteresis_only,219,2.948126312762689e-14,0.004663266222534604,1.466326622253461
hysteresis_only,220,2.8404543808287205e-14,0.005200747140751041,1.5200747140751047
hysteresis_only,221,3.1216338596981536e-14,0.004870597694496987,1.4870597694496994
hysteresis_only,222,3.2201616598381456e-14,0.006064500536536697,1.6064500536536703
hysteresis_only,223,3.4742356361150094e-14,0.005552188738033634,1.555218873803364
hysteresis_only,224,3.484991715382747e-14,0.003851321442071599,1.3851321442071607
hysteresis_only,225,3.215557908333515e-14,0.004680986451435535,1.4680986451435543
hysteresis_only,226,3.0254261855718924e-14,0.004613887905627456,1.4613887905627463
hysteresis_only,227,2.7900412237750826e-14,0.004954600476487308,1.4954600476487314
hysteresis_only,228,3.8763039331479433e-14,0.005356397764668125,1.535639776466813
hysteresis_only,229,2.878118652703571e-14,0.003597722187626199,1.3597722187626207
hysteresis_only,230,3.227906633626809e-14,0.0034925545051171206,1.3492554505117127
hysteresis_only,231,3.179883474424495e-14,0.0033825614812045724,1.3382561481204578
hysteresis_only,232,3.2143252485504795e-14,0.004506468642033296,1.4506468642033303
hysteresis_only,233,3.471768156429715e-14,0.004590474220434924,1.4590474220434932
hysteresis_only,234,3.151510365524869e-14,0.00394319946034584,1.3943199460345848
hysteresis_only,235,3.429670206792168e-14,0.004857536609307853,1.485753660930786
hysteresis_only,236,3.743366965640264e-14,0.0038817333266066402,1.3881733326606647
hysteresis_only,237,3.46055610763136e-14,0.00463838186113743,1.4638381861137437
hysteresis_only,238,3.738855806332954e-14,0.004130754311661838,1.4130754311661844
hysteresis_only,239,3.678001076840998e-14,0.003273942958264643,1.3273942958264648
hysteresis_only,240,3.477518466776217e-14,0.0035851583990651795,1.3585158399065187
hysteresis_only,241,3.504057473749599e-14,0.004256006004893643,1.4256006004893649
hysteresis_only,242,2.5245097199101755e-14,0.0037234011313187878,1.372340113131879
hysteresis_only,243,3.5623259412745806e-14,0.004187603327832524,1.418760332783253
hysteresis_only,244,3.192846860670468e-14,0.003065838139222476,1.3065838139222483
hysteresis_only,245,3.216022549203152e-14,0.00493952442957469,1.4939524429574698
hysteresis_only,246,2.92487229429893e-14,0.004032213839615541,1.4032213839615548
hysteresis_only,247,2.7594520231237594e-14,0.004074976155068488,1.407497615506849
hysteresis_only,248,3.7893903991444255e-14,0.00535903419480814,1.5359034194808145
hysteresis_only,249,3.283844503557979e-14,0.0037482026598475216,1.3748202659847528
no_hysteresis,0,2.9892795796490466e-14,0.002368716066561084,1.236871606656109
no_hysteresis,1,2.8150696753074454e-14,0.0017667267699380297,1.1766726769938034
no_hysteresis,2,3.459563238364077e-14,0.00130229391054565,1.1302293910545655
no_hysteresis,3,3.538830565937028e-14,0.002792355933349205,1.279235593334921
no_hysteresis,4,4.2825705747180754e-14,0.0022497196573917364,1.224971965739174
no_hysteresis,5,3.4376886582616143e-14,0.0016809381500834525,1.1680938150083457
no_hysteresis,6,3.4312661577633043e-14,0.0019367441310973942,1.1936744131097399
no_hysteresis,7,3.241305502425539e-14,0.0010583343089705917,1.1058334308970597
no_hysteresis,8,3.306814476730389e-14,0.0016957972476592494,1.1695797247659254
no_hysteresis,9,2.9617135610347295e-14,0.0025851561206002307,1.2585156120600238
no_hysteresis,10,3.6528523751523397e-14,0.0016787828586438223,1.1678782858643826
no_hysteresis,11,3.2676707302155606e-14,0.00187410844749845,1.1874108447498455
no_hysteresis,12,3.7202373397598963e-14,0.0015434629263411269,1.154346292634113
no_hysteresis,13,4.04134839040851e-14,0.001897606438066375,1.189760643806638
no_hysteresis,14,3.014620543649691e-14,0.001872826035493883,1.1872826035493889
no_hysteresis,15,4.1593807212692013e-14,0.0017709076663744408,1.1770907666374446
no_hysteresis,16,3.747962973710336e-14,0.0017031088119724969,1.17031088119725
no_hysteresis,17,3.5917882952444564e-14,0.0012701335494400081,1.1270133549440013
no_hysteresis,18,3.580134813861536e-14,0.0013060137943591563,1.130601379435916
no_hysteresis,19,3.425358946363264e-14,0.0016150760119489458,1.161507601194895
no_hysteresis,20,3.761996748797359e-14,0.0015178096741463906,1.1517809674146395
no_hysteresis,21,3.4091784234415903e-14,0.0020322123522442874,1.2032212352244291
no_hysteresis,22,3.1169701333714074e-14,0.002048629275655064,1.204862927565507
no_hysteresis,23,3.4706502025005966e-14,0.0017766373137708237,1.1776637313770828
no_hysteresis,24,3.560531628725128e-14,0.0015515138492113634,1.1551513849211368
no_hysteresis,25,4.175410494445211e-14,0.0023978536236837506,1.2397853623683754
no_hysteresis,26,3.118483200515758e-14,0.0018741109473776848,1.187411094737769
no_hysteresis,27,3.3400586782309987e-14,0.001522066234771089,1.1522066234771093
no_hysteresis,28,3.3645347576510435e-14,0.0018185627301013961,1.18185627301014
no_hysteresis,29,3.275436143022496e-14,0.0022804723846099224,1.2280472384609926
no_hysteresis,30,3.964366707172575e-14,0.002039934280659201,1.2039934280659206
no_hysteresis,31,3.4762407330962374e-14,0.001642544547626963,1.1642544547626967
no_hysteresis,32,3.1173839215478257e-14,0.0030324854932560186,1.3032485493256025
no_hysteresis,33,3.4583972823045474e-14,0.002385467627621659,1.2385467627621662
no_hysteresis,34,3.369726475181492e-14,0.002387327179001972,1.2387327179001977
no_hysteresis,35,3.963241002580384e-14,0.0021670487675158313,1.2167048767515836
no_hysteresis,36,3.8321742643535457e-14,0.0024360131521031538,1.2436013152103158
no_hysteresis,37,3.749283391589675e-14,0.0019437867369522894,1.1943786736952293
no_hysteresis,38,3.240600173958359e-14,0.0023495070493898336,1.2349507049389838
no_hysteresis,39,3.455582932027386e-14,0.0019283642080736504,1.1928364208073654
no_hysteresis,40,2.8708290027856304e-14,0.0021772386500920862,1.217723865009209
no_hysteresis,41,3.6340508956762196e-14,0.002219830262371629,1.2219830262371634
no_hysteresis,42,2.6992780431115828e-14,0.0017086292926574724,1.1708629292657475
no_hysteresis,43,3.9276553143598496e-14,0.002043721975923149,1.2043721975923154
no_hysteresis,44,2.598433217331773e-14,0.0013127112452386855,1.1312711245238687
no_hysteresis,45,3.513242002587708e-14,0.0021585938783699747,1.2158593878369979
no_hysteresis,46,2.9910901542909433e-14,0.0018778481234976749,1.1877848123497678
no_hysteresis,47,3.460287851607683e-14,0.002778215488468548,1.2778215488468554
no_hysteresis,48,2.641359818150437e-14,0.0027919153661220704,1.2791915366122073
no_hysteresis,49,2.943759685097436e-14,0.002002972429262302,1.2002972429262306
no_hysteresis,50,3.9577442323699026e-14,0.0013252812834706486,1.1325281283470654
no_hysteresis,51,2.908093267269266e-14,0.0017635780318818433,1.1763578031881847
no_hysteresis,52,3.704208267624067e-14,0.0016978872204364117,1.1697887220436416
no_hysteresis,53,3.706218864702824e-14,0.0015333903810005685,1.1533390381000572
no_hysteresis,54,3.5592054917672594e-14,0.001963706948962636,1.196370694896264
no_hysteresis,55,3.127245069447734e-14,0.0020553688507594973,1.2055368850759502
no_hysteresis,56,3.907806928535179e-14,0.0021608122833071232,1.2160812283307127
no_hysteresis,57,3.944777362667122e-14,0.0017370467797121769,1.1737046779712181
no_hysteresis,58,3.342431229075634e-14,0.001982880775991075,1.1982880775991078
no_hysteresis,59,3.2426541144165225e-14,0.0016408611642087128,1.1640861164208718
no_hysteresis,60,2.6617808656313973e-14,0.0018628877649519101,1.1862887764951913
no_hysteresis,61,3.7941852840270353e-14,0.0025220552092344297,1.2522055209234437
no_hysteresis,62,3.330054629385444e-14,0.0021741538616224442,1.2174153861622448
no_hysteresis,63,3.622656627157916e-14,0.0019601650884509174,1.1960165088450923
no_hysteresis,64,3.9192779360186164e-14,0.003131900546711112,1.313190054671112
no_hysteresis,65,3.267551043112935e-14,0.0013951446669504014,1.1395144666950405
no_hysteresis,66,2.9948239017755356e-14,0.0021389836174851395,1.2138983617485144
no_hysteresis,67,3.308393792632718e-14,0.0019992626803704955,1.19992626803705
no_hysteresis,68,3.505309629858776e-14,0.001895809573547829,1.1895809573547833
no_hysteresis,69,3.492700510325261e-14,0.0025950796185069693,1.2595079618506977
no_hysteresis,70,3.437235712898425e-14,0.0022986518775751303,1.2298651877575135
no_hysteresis,71,2.7070438079273218e-14,0.0023403789714142604,1.2340378971414263
no_hysteresis,72,2.8097006309695395e-14,0.001682619857220217,1.1682619857220222
no_hysteresis,73,3.414079759009819e-14,0.0013593927033158488,1.1359392703315854
no_hysteresis,74,3.7462322402759275e-14,0.0021296240774675477,1.2129624077467551
no_hysteresis,75,3.358572024762922e-14,0.0016120268363581014,1.1612026836358105
no_hysteresis,76,3.908680764380111e-14,0.0016786229889167394,1.1678622988916745
no_hysteresis,77,4.093403421730457e-14,0.0023065351264717135,1.2306535126471718
no_hysteresis,78,3.376227458708381e-14,0.0017526889027680594,1.1752688902768065
no_hysteresis,79,3.133278073233648e-14,0.002178568565143006,1.217856856514301
no_hysteresis,80,2.976552997797033e-14,0.0016816114476636114,1.1681611447663616
no_hysteresis,81,3.8087774854406495e-14,0.0025533430087839658,1.2553343008783973
no_hysteresis,82,4.173559362470505e-14,0.0032444891380585907,1.3244489138058597
no_hysteresis,83,3.261038548041792e-14,0.0019500197566040662,1.1950019756604071
no_hysteresis,84,3.870555066504511e-14,0.0021945583783036827,1.2194558378303686
no_hysteresis,85,3.1902589732711316e-14,0.0026282605452338263,1.2628260545233834
no_hysteresis,86,3.379185632369445e-14,0.002051429906582199,1.2051429906582203
no_hysteresis,87,3.384787477013162e-14,0.0017384886101997914,1.1738488610199795
no_hysteresis,88,2.4948331781400668e-14,0.0024554054502239405,1.2455405450223942
no_hysteresis,89,3.8480181942591616e-14,0.0022441125184225388,1.2244112518422543
no_hysteresis,90,2.6960799076637128e-14,0.0016579315606606,1.1657931560660602
no_hysteresis,91,2.5859388731298327e-14,0.0015186882693930374,1.151868826939304
no_hysteresis,92,3.2010057982048684e-14,0.002183701149521496,1.21837011495215
no_hysteresis,93,3.124868657931979e-14,0.001883294650222384,1.188329465022239
no_hysteresis,94,2.6099159073562697e-14,0.002011606078890423,1.2011606078890424
no_hysteresis,95,4.3098558502155804e-14,0.0021153643707301087,1.2115364370730113
no_hysteresis,96,2.960495268298669e-14,0.0015224730366676703,1.1522473036667675
no_hysteresis,97,3.5348749671366466e-14,0.0019097128854164357,1.1909712885416441
no_hysteresis,98,3.3473755190257543e-14,0.0017862346810121642,1.1786234681012169
no_hysteresis,99,3.512340934160341e-14,0.001272242176651071,1.1272242176651075
no_hysteresis,100,3.033629267089117e-14,0.0019263039066715955,1.19263039066716
no_hysteresis,101,3.624651275731256e-14,0.0016528303012236433,1.1652830301223647
no_hysteresis,102,4.051180941192126e-14,0.002155493775101097,1.21554937751011
no_hysteresis,103,2.869733226374612e-14,0.0016075061683228319,1.1607506168322836
no_hysteresis,104,3.597434758802195e-14,0.0032715326943483624,1.327153269434837
no_hysteresis,105,3.843217271787273e-14,0.0013830082628187958,1.1383008262818801
no_hysteresis,106,3.4550302580530235e-14,0.001635016680117314,1.1635016680117318
no_hysteresis,107,2.7610443965950647e-14,0.0017006615285480185,1.170066152854802
no_hysteresis,108,3.118712043826238e-14,0.0020709011414771564,1.2070901141477162
no_hysteresis,109,3.270597712725514e-14,0.0020373744788832492,1.2037374478883254
no_hysteresis,110,3.341072620111245e-14,0.002070814578694775,1.207081457869478
no_hysteresis,111,3.1144805331771805e-14,0.001711938182377898,1.1711938182377903
no_hysteresis,112,2.7124566563914196e-14,0.0023124139564764923,1.2312413956476493
no_hysteresis,113,3.106473945097211e-14,0.0021068571051270474,1.2106857105127051
no_hysteresis,114,2.654939880926401e-14,0.002883633638175117,1.2883633638175118
no_hysteresis,115,3.710703346796916e-14,0.0013402705095046596,1.1340270509504664
no_hysteresis,116,3.7610643288889996e-14,0.001777308801379252,1.1777308801379256
no_hysteresis,117,3.295829593968272e-14,0.0018491349727734025,1.1849134972773407
no_hysteresis,118,2.3298093441201538e-14,0.001828255684027517,1.182825568402752
no_hysteresis,119,3.167364051635285e-14,0.001663109048894707,1.166310904889471
no_hysteresis,120,3.140762157152993e-14,0.001520072616693219,1.1520072616693224
no_hysteresis,121,4.0940700164355036e-14,0.0024540311094514602,1.2454031109451464
no_hysteresis,122,3.0731843374515705e-14,0.002393820498672711,1.2393820498672716
no_hysteresis,123,3.555999599919298e-14,0.0017856778008853,1.1785677800885304
no_hysteresis,124,3.4129546952146954e-14,0.0018899630196644616,1.1889963019664467
no_hysteresis,125,4.2552903968710937e-14,0.0021422011302933133,1.2142201130293317
no_hysteresis,126,3.305163860111039e-14,0.0024572368855105354,1.2457236885510539
no_hysteresis,127,3.4488158806386306e-14,0.001413436485932316,1.141343648593232
no_hysteresis,128,3.5460925026487215e-14,0.0017846831168697869,1.1784683116869792
no_hysteresis,129,3.918331112232785e-14,0.00152568706649351,1.1525687066493515
no_hysteresis,130,3.474350097503792e-14,0.0019314543305484517,1.1931454330548457
no_hysteresis,131,3.561343478097306e-14,0.0013151567633911678,1.1315156763391172
no_hysteresis,132,3.476054560301603e-14,0.0016616346237635826,1.1661634623763586
no_hysteresis,133,2.8461746848462225e-14,0.002339080070452892,1.2339080070452897
no_hysteresis,134,3.633602951630081e-14,0.0017391543856442571,1.1739154385644262
no_hysteresis,135,2.8580142071273895e-14,0.0018840010108273776,1.1884001010827383
no_hysteresis,136,2.959119090761745e-14,0.0020474219929593664,1.204742199295937
no_hysteresis,137,2.985412876840201e-14,0.0013888324419288319,1.1388832441928836
no_hysteresis,138,3.043232707292325e-14,0.002071695975715022,1.2071695975715027
no_hysteresis,139,2.6693777924081676e-14,0.001948090261988998,1.1948090261989
no_hysteresis,140,4.256928246294838e-14,0.002617204259636271,1.2617204259636277
no_hysteresis,141,3.1955048920367665e-14,0.0018174429558269415,1.1817442955826947
no_hysteresis,142,2.9596757428962906e-14,0.001649605759580921,1.1649605759580925
no_hysteresis,143,3.317452339887359e-14,0.0016839075233002407,1.1683907523300245
no_hysteresis,144,3.233031716273311e-14,0.002221820035335619,1.2221820035335624
no_hysteresis,145,3.470634065612392e-14,0.0021688688381648175,1.2168868838164821
no_hysteresis,146,3.690988366402826e-14,0.0014828595799014064,1.148285957990141
no_hysteresis,147,3.2980752852422166e-14,0.0023733224214676214,1.2373322421467625
no_hysteresis,148,4.776797646797699e-14,0.002338588231748114,1.2338588231748118
no_hysteresis,149,2.847611146827343e-14,0.002117751598908607,1.211775159890861
no_hysteresis,150,3.49860774585346e-14,0.0019722460573462952,1.1972246057346299
no_hysteresis,151,3.634913974999882e-14,0.001613176587293596,1.16131765872936
no_hysteresis,152,2.822233953512832e-14,0.001455019043520184,1.145501904352019
no_hysteresis,153,2.8356112559884865e-14,0.001965726503479873,1.1965726503479877
no_hysteresis,154,3.027311825391865e-14,0.0015777651186530406,1.1577765118653045
no_hysteresis,155,3.62433195198602e-14,0.002186839219078443,1.2186839219078447
no_hysteresis,156,2.7083106531957868e-14,0.001732016939432352,1.1732016939432355
no_hysteresis,157,3.331044746457075e-14,0.0021335661079805368,1.213356610798054
no_hysteresis,158,3.017943983559461e-14,0.0018522448714990323,1.1852244871499036
no_hysteresis,159,3.509963650354682e-14,0.0018601659394597882,1.1860165939459792
no_hysteresis,160,3.596613635608085e-14,0.0025339322477444665,1.2533932247744473
no_hysteresis,161,3.584446293753475e-14,0.0021481728238467285,1.2148172823846732
no_hysteresis,162,3.35218017876186e-14,0.001462509323324411,1.1462509323324415
no_hysteresis,163,3.2239350106569385e-14,0.0016982672758851767,1.1698267275885181
no_hysteresis,164,3.503405379077688e-14,0.0017518649849227008,1.1751864984922706
no_hysteresis,165,3.338419617263601e-14,0.0020181406074076965,1.2018140607407701
no_hysteresis,166,3.510982761514161e-14,0.0023373256006586317,1.2337325600658637
no_hysteresis,167,3.572604779190952e-14,0.0018744493762501869,1.1874449376250191
no_hysteresis,168,3.97582365740366e-14,0.0022100626248925327,1.2210062624892537
no_hysteresis,169,2.8076122004976172e-14,0.0024027143875908017,1.2402714387590805
no_hysteresis,170,3.320414884600972e-14,0.0019493117394511813,1.1949311739451185
no_hysteresis,171,3.4028443376524917e-14,0.0020947089382231518,1.2094708938223155
no_hysteresis,172,3.672220414315367e-14,0.0018393177321276708,1.1839317732127674
no_hysteresis,173,3.285648357594344e-14,0.001679366456636366,1.167936645663637
no_hysteresis,174,4.3147850044906526e-14,0.001529844295001553,1.1529844295001557
no_hysteresis,175,3.1872700055630326e-14,0.002303636312261455,1.230363631226146
no_hysteresis,176,3.8178825927136e-14,0.0018473702007774449,1.184737020077745
no_hysteresis,177,2.6475154446203056e-14,0.0017656058032137563,1.176560580321376
no_hysteresis,178,3.281482609870451e-14,0.0017800210445761031,1.1780021044576108
no_hysteresis,179,3.667856505874113e-14,0.002756449033077097,1.2756449033077104
no_hysteresis,180,3.4453653958072484e-14,0.0013913579857910935,1.1391357985791097
no_hysteresis,181,3.487806860002325e-14,0.001952788055199407,1.195278805519941
no_hysteresis,182,2.6293173095786442e-14,0.001721593268330187,1.1721593268330188
no_hysteresis,183,3.378755838754568e-14,0.0020377440645959577,1.2037744064595963
no_hysteresis,184,2.9478148087255914e-14,0.003270283098153785,1.3270283098153792
no_hysteresis,185,3.4001157866100385e-14,0.0019595519256110747,1.1959551925611078
no_hysteresis,186,3.143881018317492e-14,0.002006202029633533,1.2006202029633537
no_hysteresis,187,3.286591522452881e-14,0.002517388208538182,1.251738820853819
no_hysteresis,188,4.003425425689129e-14,0.00258679990523156,1.2586799905231567
no_hysteresis,189,3.106428525166104e-14,0.0017974466780138136,1.1797446678013819
no_hysteresis,190,2.941904784408278e-14,0.0017296243845338587,1.1729624384533863
no_hysteresis,191,2.917918779413393e-14,0.00186085335197908,1.1860853351979084
no_hysteresis,192,2.8998495987409246e-14,0.0020715914026333596,1.2071591402633364
no_hysteresis,193,2.949214667615932e-14,0.001526815390257662,1.1526815390257665
no_hysteresis,194,4.118755148286281e-14,0.001452868038127583,1.1452868038127588
no_hysteresis,195,3.5729671674661575e-14,0.0030680797045702264,1.3068079704570232
no_hysteresis,196,3.7580623726956634e-14,0.002544011500290656,1.2544011500290664
no_hysteresis,197,2.917805850230365e-14,0.0014718825239999904,1.1471882523999994
no_hysteresis,198,4.063216909318952e-14,0.0022457290022589024,1.2245729002258907
no_hysteresis,199,2.965575922325824e-14,0.0016781620398194004,1.1678162039819404
no_hysteresis,200,3.4889864190250546e-14,0.0018707339632476128,1.1870733963247617
no_hysteresis,201,2.9480342810709045e-14,0.0022552507892602868,1.225525078926029
no_hysteresis,202,3.628016951982077e-14,0.002246369521096339,1.2246369521096343
no_hysteresis,203,3.047883518087523e-14,0.0019216711768827268,1.192167117688273
no_hysteresis,204,3.735896093548343e-14,0.0019796151560396457,1.1979615156039651
no_hysteresis,205,3.200556025551569e-14,0.0020655714386858845,1.206557143868589
no_hysteresis,206,3.580952370572621e-14,0.0023031208822594973,1.2303120882259502
no_hysteresis,207,3.5727352091761884e-14,0.0019582821952139964,1.1958282195214
no_hysteresis,208,3.7948600492543574e-14,0.002673647828497039,1.2673647828497046
no_hysteresis,209,3.1225877917257156e-14,0.0022298583481460293,1.2229858348146034
no_hysteresis,210,3.4017836589917444e-14,0.002105225159007262,1.2105225159007267
no_hysteresis,211,3.5022662376041164e-14,0.0020937144445549697,1.2093714444554975
no_hysteresis,212,2.7053810474359904e-14,0.002461760549701647,1.2461760549701648
no_hysteresis,213,3.3087057182435306e-14,0.0016272143321602844,1.162721433216029
no_hysteresis,214,3.5536666960393414e-14,0.002714058343077958,1.2714058343077965
no_hysteresis,215,3.472795290296879e-14,0.001959768781256698,1.1959768781256703
no_hysteresis,216,2.8233899875209603e-14,0.001884930356598143,1.1884930356598147
no_hysteresis,217,3.378965351020674e-14,0.0025040399648842545,1.2504039964884262
no_hysteresis,218,3.153036068473439e-14,0.0014302745809126203,1.1430274580912625
no_hysteresis,219,3.4253486583153234e-14,0.002093511859944666,1.209351185994467
no_hysteresis,220,3.463448786518109e-14,0.0025306121320397847,1.2530612132039791
no_hysteresis,221,3.420146491768033e-14,0.0023317156122120855,1.233171561221209
no_hysteresis,222,3.4527531398587127e-14,0.0016378749123446019,1.1637874912344606
no_hysteresis,223,2.8943921057632936e-14,0.0019695371414176458,1.196953714141765
no_hysteresis,224,2.645648722917533e-14,0.003320390070007257,1.332039007000726
no_hysteresis,225,3.605914986521799e-14,0.001283506784923635,1.128350678492364
no_hysteresis,226,4.2935250681604456e-14,0.0023315257397308387,1.2331525739730842
no_hysteresis,227,3.134374239807256e-14,0.0020840944851938095,1.2084094485193815
no_hysteresis,228,3.0983083219180886e-14,0.0021467821440619857,1.214678214406199
no_hysteresis,229,3.5299287043061494e-14,0.0026712392630002645,1.2671239263000271
no_hysteresis,230,3.605103738605461e-14,0.001634168083762153,1.1634168083762157
no_hysteresis,231,3.1640308567328486e-14,0.003516800915835705,1.3516800915835712
no_hysteresis,232,3.013521735107689e-14,0.0019000679708449893,1.1900067970844994
no_hysteresis,233,3.3061153884882444e-14,0.0021327093201295804,1.2132709320129584
no_hysteresis,234,3.3873774007844295e-14,0.00279470662429764,1.2794706624297647
no_hysteresis,235,3.533128277770979e-14,0.003060595217624038,1.3060595217624045
no_hysteresis,236,3.186369256811656e-14,0.0018403524287572916,1.1840352428757295
no_hysteresis,237,3.409010988714603e-14,0.0019464198102425625,1.1946419810242568
no_hysteresis,238,3.101686363976884e-14,0.0016750161732782547,1.1675016173278259
no_hysteresis,239,3.7773767102876187e-14,0.002664844263475438,1.2664844263475445
no_hysteresis,240,4.0584360067845496e-14,0.001442054664299198,1.1442054664299202
no_hysteresis,241,3.6976344528317723e-14,0.0025135742436353864,1.2513574243635393
no_hysteresis,242,3.4857618097792735e-14,0.0022598109540789115,1.2259810954078916
no_hysteresis,243,3.117640066797714e-14,0.0012012228495562394,1.1201222849556243
no_hysteresis,244,3.1603783233568896e-14,0.0019488493327484739,1.194884933274848
no_hysteresis,245,3.842225171268923e-14,0.001981950472470341,1.1981950472470346
no_hysteresis,246,3.4038309344405413e-14,0.0020865481585823943,1.2086548158582398
no_hysteresis,247,4.250058362757746e-14,0.0019887350066134747,1.1988735006613478
no_hysteresis,248,3.049632291994738e-14,0.0013870089643167902,1.1387008964316794
no_hysteresis,249,3.583874974800382e-14,0.0019284913510941365,1.1928491351094141
