time,suction_kpa,pc_suction_only_kpa,pc_if_damage_formula_used_kpa,hydraulic_damage,seismic_damage,difference_kpa
0.0,19.289321881345245,131.00621387840818,127.26317919616794,0.02857142857142857,0.0,3.7430346822402356
0.0013908205841446453,20.535909128663235,131.65491747369234,127.89334840301541,0.02857142857142857,0.0,3.761569070676927
0.0027816411682892906,21.80371470836097,132.30781763635298,128.52759427531433,0.02857142857142857,0.0,3.780223361038651
0.004172461752433936,23.09235135962723,132.9645180112631,129.16553178236987,0.02857142857142857,0.0,3.7989862288932272
0.005563282336578581,24.401425458642294,133.62463146233875,129.8067848491291,0.02857142857142857,0.0,3.8178466132096673
0.006954102920723226,25.730537138813276,134.287780214383,130.45098649397204,0.02857142857142857,0.0,3.8367937204109523
0.008344923504867872,27.079280412916496,134.95359596166242,131.0967701750594,0.02857142857142857,7.694707989285716e-06,3.856825786603025
0.009735744089012517,28.44724329710926,135.62171994527188,131.74197983430355,0.02857142857142857,3.6690274955265895e-05,3.879740110968328
0.011126564673157162,29.83400793677353,136.29180300132964,132.38654339195372,0.02857142857142857,8.465472356102297e-05,3.9052596093759178
0.012517385257301807,31.239150734152716,136.96350558201965,133.03104305173196,0.02857142857142857,0.00014445303066653543,3.932462530287694
0.013908205841446452,32.66224247774281,137.63649775146212,133.676366157563,0.02857142857142857,0.0002068765639976076,3.9601315938991206
0.015299026425591097,34.102848473398346,138.3104591583459,134.32347796079583,0.02857142857142857,0.0002623855745415871,3.9869811975500795
0.016689847009735744,35.56052867711299,138.98507898720266,134.97320974721987,0.02857142857142857,0.00030268683233059234,4.011869239982786
0.018080667593880387,37.034837829434295,139.66005589014011,135.62600500213222,0.02857142857142857,0.0003225742722156474,4.034050888007897
0.019471488178025034,38.52532559147157,140.335097900785,136.28139013836113,0.02857142857142857,0.0003237364177845074,4.053707762423869
0.020862308762169678,40.03153668245537,141.00992233211494,136.93672164827316,0.02857142857142857,0.0003237364177845074,4.073200683841776
0.022253129346314324,41.55301101880635,141.68425565978262,137.59157624050175,0.02857142857142857,0.0003237364177845074,4.09267941928087
0.02364394993045897,43.08928385467137,142.35783339245964,138.24569706379265,0.02857142857142857,0.0003237364177845074,4.112136328666992
0.025034770514603615,44.639885923883554,143.03039993064718,138.8988359018725,0.02857142857142857,0.0003237364177845074,4.131564028774676
0.02642559109874826,46.20434358330325,143.70170841532243,139.5507530264674,0.02857142857142857,0.0003237364177845074,4.150955388855039
0.027816411682892905,47.78217895749591,144.37152056770995,140.20121704170236,0.02857142857142857,0.0003237364177845074,4.1703035260075865
0.02920723226703755,49.37291008470272,145.0396065213875,140.85000472105725,0.02857142857142857,0.0003237364177845074,4.1896018003302515
0.030598052851182195,50.9760510640595,145.70574464786006,141.49690083797893,0.02857142857142857,0.0003237364177845074,4.208843809881131
0.03198887343532684,52.59111220401878,146.3697213766575,142.14169799117587,0.02857142857142857,0.0003237364177845074,4.2280233854816345
0.03337969401947149,54.21760017192984,147.03133101093925,142.78419642554894,0.02857142857142857,0.0003237364177845074,4.247134585390313
0.03477051460361613,55.85501814473081,147.69037553951568,143.42420384964308,0.02857142857142857,0.0003237364177845074,4.266171689872607
0.036161335187760775,57.50286596070714,148.34666444612864,144.06153525043655,0.02857142857142857,0.0003237364177845074,4.285129195692093
0.037552155771905425,59.16064027226969,149.0000145167643,144.69493759605203,0.02857142857142857,0.0003311641422646676,4.305076920712281
0.03894297635605007,60.827834699706116,149.65024964571032,145.3234198916407,0.02857142857142857,0.0003515632087959517,4.326829754069621
0.04033379694019471,62.503939985858395,150.29720064100644,145.94739172644415,0.02857142857142857,0.00038083589995518323,4.3498089145622885
0.041724617524339355,64.18844415167922,150.94070502988126,146.5676559117761,0.02857142857142857,0.0004123189230032819,4.373049118105172
0.043115438108484005,65.88083265261997,151.58060686471154,147.1851084994106,0.02857142857142857,0.0004388726716597364,4.395498365300938
0.04450625869262865,67.58058853580208,152.21675652999045,147.80048204324694,0.02857142857142857,0.0004546246224731089,4.416274486743504
0.04589707927677329,69.28719259792442,152.84901055074067,148.41396581048465,0.02857142857142857,0.00045749788316719033,4.435044740256018
0.04728789986091794,71.0001235438577,153.47723140276366,149.02395829730304,0.02857142857142857,0.00045749788316719033,4.4532731054606245
0.048678720445062586,72.71885814587807,154.1012873250728,149.62990670340457,0.02857142857142857,0.00045749788316719033,4.4713806216682315
0.05006954102920723,74.44287140349105,154.72105213481854,150.231688507243,0.02857142857142857,0.00045749788316719033,4.489363627575528
0.05146036161335187,76.1716367037968,155.33640504497586,150.82918642653215,0.02857142857142857,0.00045749788316719033,4.507218618443716
0.05285118219749652,77.90462598234811,155.94723048503036,151.42228824413488,0.02857142857142857,0.00045749788316719033,4.524942240895484
0.054242002781641166,79.64130988445157,156.55341792486644,152.01088663706142,0.02857142857142857,0.00045749788316719033,4.542531287805019
0.05563282336578581,81.38115792686314,157.1548617020318,152.59487900874586,0.02857142857142857,0.00045749788316719033,4.559982693285946
0.05702364394993046,83.1236386598281,157.75146085252484,153.17416732474348,0.02857142857142857,0.00045749788316719033,4.5772935277813644
0.0584144645340751,84.86821982941647,158.34311894522702,153.74865795196703,0.02857142857142857,0.00045749788316719033,4.594460993259986
0.059805285118219746,86.61436854010405,158.92974392007798,154.3182615015576,0.02857142857142857,0.00045749788316719033,4.6114824185203815
0.06119610570236439,88.36155141754931,159.5112479300714,154.88289267546483,0.02857142857142857,0.00045749788316719033,4.628355254606561
0.06258692628650904,90.10923477151665,160.0875471871294,155.44247011679357,0.02857142857142857,0.00045749788316719033,4.645077070335816
0.06397774687065368,91.85688475889616,160.65856181189633,155.996916263956,0.02857142857142857,0.00045749788316719033,4.6616455479403385
0.06536856745479833,93.60396754677,161.22421568747666,156.54615720865337,0.02857142857142857,0.00045749788316719033,4.678058478823289
0.06675938803894298,95.34994947547568,161.7844363171278,157.0890910847149,0.02857142857142857,0.0004640610016477417,4.695345232412905
0.06815020862308761,97.09429722161647,162.33915468590496,157.62566544963497,0.02857142857142857,0.000477027569886176,4.713489236269993
0.06954102920723226,98.83647796096918,162.8883051262446,158.15654539236536,0.02857142857142857,0.00049172734679586,4.731759733879244
0.07093184979137691,100.5759595312391,163.43182518746207,158.68251306636716,0.02857142857142857,0.0005028358690514083,4.749312121094903
0.07232267037552155,102.31221059461323,163.9696555091302,159.20411844410134,0.02857142857142857,0.0005065753958293044,4.765537065028866
0.0737134909596662,104.04470080006138,164.50173969829714,159.7207383882693,0.02857142857142857,0.0005065753958293044,4.781001310027847
0.07510431154381085,105.77290094533582,165.02802421049518,160.23172721455617,0.02857142857142857,0.0005065753958293044,4.796296995939002
0.07649513212795549,107.49628313862019,165.54845823448542,160.73703558847703,0.02857142857142857,0.0005065753958293044,4.8114226460083955
0.07788595271210014,109.21432095977806,166.06299358067858,161.23661672100218,0.02857142857142857,0.0005065753958293044,4.826376859676401
0.07927677329624479,110.92648962115192,166.57158457316677,161.7304262637269,0.02857142857142857,0.0005065753958293044,4.841158309439862
0.08066759388038942,112.63226612786347,167.07418794529767,162.21842220748053,0.02857142857142857,0.0005065753958293044,4.855765737817137
0.08205841446453407,114.33112943756656,167.57076273871925,162.7005647843053,0.02857142857142857,0.0005065753958293044,4.870197954413953
0.08344923504867871,116.02256061960333,168.06127020582022,163.17681637273236,0.02857142857142857,0.0005065753958293044,4.884453833087861
0.08484005563282336,117.70604301351557,168.54567371548947,163.64714140627996,0.02857142857142857,0.0005065753958293044,4.898532309209514
0.08623087621696801,119.3810623868626,169.0239386621159,164.11150628509827,0.02857142857142857,0.0005065753958293044,4.9124323770176375
0.08762169680111265,121.04710709229735,169.4960323777488,164.56987929068254,0.02857142857142857,0.0005065753958293044,4.926153087066268
0.0890125173852573,122.70366822385317,169.9619240473385,165.02223050357722,0.02857142857142857,0.0005065753958293044,4.93969354376128
0.09040333796940195,124.35023977239268,170.42158462697535,165.46853172399122,0.02857142857142857,0.0005065753958293044,4.953052902984126
0.09179415855354658,125.9863187801723,170.87498676504663,165.90875639524626,0.02857142857142857,0.0005065753958293044,4.966230369800371
0.09318497913769123,127.61140549447447,171.32210472622936,166.3428795299787,0.02857142857142857,0.0005065753958293044,4.979225196250667
0.09457579972183588,129.22500352026088,171.7629143182384,166.77079604103932,0.02857142857142857,0.0005070644299034563,4.992118277199069
0.09596662030598052,130.82661997180006,172.19739282124928,167.1919049146823,0.02857142857142857,0.0005114998377443419,5.0054879065669695
0.09735744089012517,132.41576562322314,172.62551891991643,167.60663142800237,0.02857142857142857,0.0005171928563442931,5.018887491914057
0.09874826147426981,133.9919550579615,173.04727263790778,168.0155870136631,0.02857142857142857,0.0005203821516827446,5.0316856242446875
0.10013908205841446,135.55470681702099,173.46263527487798,168.4188721750543,0.02857142857142857,0.0005203821516827446,5.043763099823678
0.10152990264255911,137.10354354604726,173.87158934580458,168.81593511190934,0.02857142857142857,0.0005203821516827446,5.05565423389524
0.10292072322670374,138.63799214113718,174.27411852261093,169.20675997092206,0.02857142857142857,0.0005203821516827446,5.067358551688869
0.1043115438108484,140.15758389335198,174.67020757800307,169.59133196756167,0.02857142857142857,0.0005203821516827446,5.078875610441401
0.10570236439499305,141.66185463188816,175.0598423314481,169.9696373336218,0.02857142857142857,0.0005203821516827446,5.090204997826305
0.10709318497913768,143.1503448658617,175.44300959722293,170.34166326677985,0.02857142857142857,0.0005203821516827446,5.101346330443079
0.10848400556328233,144.62259992466318,175.81969713446537,170.70739788210057,0.02857142857142857,0.0005203821516827446,5.1122992523648065
0.10987482614742698,146.07817009684038,176.18989359915918,171.06683016541692,0.02857142857142857,0.0005203821516827446,5.12306343374226
0.11126564673157162,147.51661076746592,176.55358849798813,171.4199499285263,0.02857142857142857,0.0005203821516827446,5.133638569461823
0.11265646731571627,148.93748255394843,176.91077214399496,171.7667477661385,0.02857142857142857,0.0005203821516827446,5.144024377856454
0.11404728789986092,150.3403514402451,177.26143561398266,172.10721501451584,0.02857142857142857,0.0005203821516827446,5.154220599466811
0.11543810848400556,151.72478890943526,177.60557070759825,172.44134371174653,0.02857142857142857,0.0005203821516827446,5.16422699585172
0.1168289290681502,153.09037207461424,177.9431699080399,172.7691265595943,0.02857142857142857,0.0005203821516827446,5.174043348445593
0.11821974965229484,154.43668380806713,178.2742263443303,173.0905568868689,0.02857142857142857,0.0005203821516827446,5.183669457461377
0.11961057023643949,155.76331286868373,178.59873375510165,173.405628614264,0.02857142857142857,0.0005203821516827446,5.193105140837645
0.12100139082058414,157.06985402757527,178.91668645383822,173.7143362206103,0.02857142857142857,0.0005203821516827446,5.202350233227918
0.12239221140472878,158.35590819185472,179.2280792955246,174.01667471049373,0.02857142857142857,0.0005203821516827446,5.211404585030863
0.12378303198887343,159.62108252654244,179.53290764465018,174.31253498469428,0.02857142857142857,0.0005209819020216422,5.220372659955899
0.12517385257301808,160.86499057456092,179.8311673445205,174.6018858933299,0.02857142857142857,0.00052233362814521,5.229281451190616
0.12656467315716272,162.0872523747809,180.12285468782963,174.88508424399305,0.02857142857142857,0.000522373996608707,5.237770443836581
0.12795549374130735,163.28749457808328,180.40796638844722,175.161905216367,0.02857142857142857,0.000522373996608707,5.246061172080232
0.12934631432545202,164.46535056140164,180.68649955437797,175.432338950459,0.02857142857142857,0.000522373996608707,5.254160603918962
0.13073713490959665,165.62046053970982,180.9584516618502,175.6963829958859,0.02857142857142857,0.000522373996608707,5.262068665964307
0.1321279554937413,166.75247167592107,181.2238205304933,175.95403523567975,0.02857142857142857,0.000522373996608707,5.269785294813545
0.13351877607788595,167.86103818866485,181.4826042995661,176.20529386320766,0.02857142857142857,0.000522373996608707,5.277310436358448
0.1349095966620306,168.94582145790832,181.7348014051965,176.45015736007318,0.02857142857142857,0.000522373996608707,5.284644045123315
0.13630041724617523,170.0064901283904,181.98041055859812,176.68862447496642,0.02857142857142857,0.000522373996608707,5.291786083631706
0.1376912378303199,171.04272021083676,182.21943072522797,176.9206942034277,0.02857142857142857,0.000522373996608707,5.298736521800265
0.13908205841446453,172.05419518092467,182.4518611048522,177.1463657684931,0.02857142857142857,0.000522373996608707,5.305495336359115
0.14047287899860916,173.04060607596801,182.67770111248788,177.36563860219027,0.02857142857142857,0.000522373996608707,5.312062510297608
0.14186369958275383,174.00165158929207,182.89695036018944,177.57851232785475,0.02857142857142857,0.000522373996608707,5.318438032334683
0.14325452016689846,174.93703816226986,183.10960863965082,177.78498674323774,0.02857142857142857,0.000522373996608707,5.324621896413078
0.1446453407510431,175.84648007399215,183.31567590559501,177.98506180437886,0.02857142857142857,0.000522373996608707,5.330614101216156
0.14603616133518776,176.72969952854282,183.5151522599228,178.1787376102157,0.02857142857142857,0.000522373996608707,5.336414649707081
0.1474269819193324,177.58642673985364,183.70803793659627,178.36601438790703,0.02857142857142857,0.000522373996608707,5.342023548689241
0.14881780250347704,178.4164000141128,183.89433328723092,178.54689247884374,0.02857142857142857,0.000522373996608707,5.3474408083871765
0.1502086230876217,179.21936582970108,184.07403876737348,178.7213723253258,0.02857142857142857,0.000522373996608707,5.352666442047678
0.15159944367176634,179.9950789146318,184.24715492344183,178.8894544578818,0.02857142857142857,0.000522373996608707,5.357700465560015
0.15299026425591097,180.74330232147128,184.41368238030648,179.0511394832118,0.02857142857142857,0.000522373996608707,5.36254289709467
0.15438108484005564,181.4638074997161,184.573621829492,179.20642807273157,0.02857142857142857,0.000522373996608707,5.367193756760429
0.15577190542420027,182.15637436560547,184.72697401797927,179.35532095170063,0.02857142857142857,0.000522373996608707,5.37165306627864
0.1571627260083449,182.82079136934772,184.87373973758983,179.49781888891525,0.02857142857142857,0.000522373996608707,5.375920848674582
0.15855354659248957,183.4568555597396,185.01391981493407,179.6339226869489,0.02857142857142857,0.000522373996608707,5.3799971279851775
0.1599443671766342,184.06437264615937,185.1475151019074,179.76363317292484,0.02857142857142857,0.000522373996608707,5.383881928982561
0.16133518776077885,184.6431570579142,185.2745264667171,179.88695118980385,0.02857142857142857,0.000522373996608707,5.387575276913253
0.16272600834492348,185.19303200092432,185.39495478542617,180.003877588174,0.02857142857142857,0.000522373996608707,5.391077197252173
0.16411682892906815,185.71382951172598,185.50880093399888,180.11441321852752,0.02857142857142857,0.000522373996608707,5.3943877154713675
0.16550764951321278,186.2053905087772,185.61606578083519,180.21855892401223,0.02857142857142857,0.000522373996608707,5.397506856822957
0.16689847009735742,186.66756484105053,185.71675017978095,180.31631553364514,0.02857142857142857,0.000522373996608707,5.400434646135807
0.16828929068150209,187.1002113338976,185.81085496360248,180.40768385597667,0.02857142857142857,0.000522373996608707,5.403171107625809
0.16968011126564672,187.50319783217213,185.8983809379147,180.49266467319535,0.02857142857142857,0.000522373996608707,5.405716264719359
0.17107093184979136,187.87640124059777,185.97932887555137,180.57125873566176,0.02857142857142857,0.000522373996608707,5.408070139889617
0.17246175243393602,188.21970756136838,186.05369951136927,180.64346675686392,0.02857142857142857,0.000522373996608707,5.410232754505358
0.17385257301808066,188.53301192896953,186.1214935374767,180.7092894087844,0.02857142857142857,0.000522373996608707,5.412204128692309
0.1752433936022253,188.81621864221052,186.18271159887834,180.76872731767182,0.02857142857142857,0.000522373996608707,5.413984281206524
0.17663421418636996,189.06924119345697,186.23735428952918,180.82178106020967,0.02857142857142857,0.000522373996608707,5.415573229319506
0.1780250347705146,189.29200229505534,186.28542214879047,180.86845116007518,0.02857142857142857,0.000522373996608707,5.416970988715292
0.17941585535465923,189.4844339029409,186.3269156582823,180.90873808488342,0.02857142857142857,0.000522373996608707,5.418177573398879
0.1808066759388039,189.64647723742235,186.36183523912666,180.94264224351068,0.02857142857142857,0.000522373996608707,5.419192995615987
0.18219749652294853,189.77808280113658,186.39018124957687,180.97016398379265,0.02857142857142857,0.000522373996608707,5.4200172657842245
0.18358831710709317,189.8792103941679,186.4119539830291,180.99130359059387,0.02857142857142857,0.000522373996608707,5.4206503924352205
0.18497913769123783,189.94982912632753,186.42715366641227,181.00606128424445,0.02857142857142857,0.000522373996608707,5.421092382167814
0.18636995827538247,189.98991742658922,186.43578045895472,181.0144372193425,0.02857142857142857,0.000522373996608707,5.421343239612213
0.1877607788595271,189.99946304967807,186.4378344513237,175.6924187932153,0.05714285714285714,0.000522373996608707,10.745415658108413
0.18915159944367177,189.97846307981138,186.43331566513817,175.6881604489941,0.05714285714285714,0.000522373996608707,10.74515521614407
0.1905424200278164,189.92692393158885,186.4222240528525,175.6777081060106,0.05714285714285714,0.000522373996608707,10.744515946841886
0.19193324061196104,189.84486134803342,186.40455949801188,175.6610616545219,0.05714285714285714,0.000522373996608707,10.74349784348999
0.1933240611961057,189.7323003957825,186.3803218158795,175.63822092043856,0.05714285714285714,0.000522373996608707,10.742100895440956
0.19471488178025034,189.58927545743092,186.3495107544364,175.6091856662668,0.05714285714285714,0.000522373996608707,10.740325088169612
0.19610570236439498,189.41583022102884,186.3121259957561,175.573955592404,0.05714285714285714,0.000522373996608707,10.738170403352115
0.19749652294853962,189.21201766673659,186.2681671577561,175.5325303387891,0.05714285714285714,0.000522373996608707,10.73563681896701
0.19888734353268428,188.9779000506417,186.21763379632912,175.4849094869111,0.05714285714285714,0.000522373996608707,10.732724309418018
0.20027816411682892,188.71354888574223,186.16052540785813,175.43109256217917,0.05714285714285714,0.000522373996608707,10.729432845678957
0.20166898470097355,188.41904492010252,186.0968414321193,175.3710790366582,0.05714285714285714,0.000522373996608707,10.725762395461118
0.20305980528511822,188.0944781121882,186.02658125557727,175.3048683321741,0.05714285714285714,0.000522373996608707,10.721712923403174
0.20445062586926285,187.73994760338763,185.94974421507914,175.23245982379512,0.05714285714285714,0.000522373996608707,10.71728439128401
0.2058414464534075,187.35556168772843,185.86632960195342,175.1538528436943,0.05714285714285714,0.000522373996608707,10.712476758259129
0.20723226703755215,186.94143777879822,185.7763366665202,175.06904668539977,0.05714285714285714,0.000522373996608707,10.707289981120425
0.2086230876216968,186.49770237387978,185.6797646230208,174.9780406084404,0.05714285714285714,0.000522373996608707,10.701724014580378
0.21001390820584143,186.02449101531147,185.5766126549752,174.88083384339433,0.05714285714285714,0.000522373996608707,10.69577881158088
0.2114047287899861,185.52194824908486,185.46687992097668,174.77742559734958,0.05714285714285714,0.000522373996608707,10.689454323627103
0.21279554937413073,184.99022758069202,185.3505655609321,174.66781505978483,0.05714285714285714,0.000522373996608707,10.682750501147268
0.21418636995827536,184.42949142823602,185.22766870276058,174.55200140888192,0.05714285714285714,0.000522373996608707,10.67566729387866
0.21557719054242003,183.8399110728193,185.09818846955994,174.42998381827925,0.05714285714285714,0.000522373996608707,10.66820465128069
0.21696801112656466,183.22166660622435,184.96212398725424,174.3017614642786,0.05714285714285714,0.000522373996608707,10.660362522975646
0.2183588317107093,182.5749468759034,184.81947439273475,174.1673335335168,0.05714285714285714,0.000522373996608707,10.652140859217951
0.21974965229485396,181.8999494272936,184.6702388425083,174.02669923111577,0.05714285714285714,0.000522373996608707,10.643539611392526
0.2211404728789986,181.19688044347512,184.5144165218674,173.87985778932395,0.05714285714285714,0.000522373996608707,10.63455873254344
0.22253129346314324,180.46595468219115,184.352006654598,173.72680847666476,0.05714285714285714,0.000522373996608707,10.625198177933243
0.2239221140472879,179.70739541024832,184.18300851324045,173.5675506076059,0.05714285714285714,0.000522373996608707,10.615457905634543
0.22531293463143254,178.92143433531837,184.00742142992132,173.40208355276712,0.05714285714285714,0.000522373996608707,10.605337877154199
0.22670375521557717,178.10831153516108,183.82524480777428,173.23040674968266,0.05714285714285714,0.000522373996608707,10.594838058091625
0.22809457579972184,177.26827538429092,183.6364781329689,173.05251971413693,0.05714285714285714,0.000522373996608707,10.583958418831969
0.22948539638386647,176.40158247810896,183.44112098736716,172.86842205209146,0.05714285714285714,0.000522373996608707,10.572698935275696
0.2308762169680111,175.508497554524,183.23917306182918,172.67811347222377,0.05714285714285714,0.000522373996608707,10.561059589605406
0.23226703755215575,174.58929341308644,183.03063417018984,172.48159379909845,0.05714285714285714,0.000522373996608707,10.549040371091394
0.2336578581363004,173.64425083165924,182.81550426392963,172.27886298699235,0.05714285714285714,0.000522373996608707,10.536641276937274
0.23504867872044505,172.6736584806527,182.5937834475638,172.06992113439705,0.05714285714285714,0.000522373996608707,10.523862313166745
0.23643949930458968,171.67781283484754,182.36547199477494,171.85476849922125,0.05714285714285714,0.000522373996608707,10.510703495553685
0.23783031988873435,170.65701808283453,182.1305703653156,171.63340551471956,0.05714285714285714,0.000522373996608707,10.49716485059605
0.23922114047287898,169.61158603409774,181.88907922270877,171.40583280617253,0.05714285714285714,0.000522373996608707,10.483246416536247
0.24061196105702362,168.54183602377012,181.64099945277445,171.17205120834558,0.05714285714285714,0.000522373996608707,10.468948244428873
0.24200278164116829,167.44809481508997,181.38633218301274,170.93206178375493,0.05714285714285714,0.000522373996608707,10.454270399257808
0.24339360222531292,166.3306964995889,181.12507880287498,170.68586584177038,0.05714285714285714,0.000522373996608707,10.439212961104602
0.24478442280945756,165.18998239504066,180.8572409849547,170.43346495858486,0.05714285714285714,0.000522373996608707,10.423776026369836
0.24617524339360222,164.02630094120337,180.5828207071334,170.17486099808391,0.05714285714285714,0.000522373996608707,10.407959709049493
0.24756606397774686,162.8400075933859,180.30182027571564,169.91005613364737,0.05714285714285714,0.000522373996608707,10.391764142068268
0.2489568845618915,161.63146471387117,180.01424234959057,169.63905287091833,0.05714285714285714,0.000522373996608707,10.37518947867224
0.25034770514603616,160.4010414612301,179.72008996545787,169.36185407157507,0.05714285714285714,0.000522373996608707,10.358235893882807
0.2517385257301808,159.14911367755914,179.41936656415783,169.07846297814373,0.05714285714285714,0.000522373996608707,10.340903586014093
0.25312934631432543,157.87606377367655,179.1120760181466,168.78888323989005,0.05714285714285714,0.000522373996608707,10.323192778256555
0.25452016689847007,156.58228061231205,178.7982226601595,168.49311893983042,0.05714285714285714,0.000522373996608707,10.305103720329072
0.2559109874826147,155.2681593893259,178.4778113131059,168.19117462290404,0.05714285714285714,0.000522373996608707,10.286636690201846
0.2573018080667594,153.93410151299312,178.15084732124254,167.88305532534935,0.05714285714285714,0.000522373996608707,10.267791995893191
0.25869262865090403,152.58051448139054,177.81733658267197,167.56876660532953,0.05714285714285714,0.000522373996608707,10.248569977342441
0.26008344923504867,151.20781175792317,177.47728558321526,167.24831457485286,0.05714285714285714,0.000522373996608707,10.228971008362407
0.2614742698191933,149.8164126450289,177.1307014317099,166.92170593303626,0.05714285714285714,0.000522373996608707,10.20899549867363
0.26286509040333794,148.4067421560992,176.77759189678545,166.58894800076143,0.05714285714285714,0.000522373996608707,10.188643896024018
0.2642559109874826,146.97923088565577,176.4179654451709,166.25004875677413,0.05714285714285714,0.000522373996608707,10.167916688396758
0.26564673157162727,145.5343148778219,176.05183128158927,165.9050168752797,0.05714285714285714,0.000522373996608707,10.146814406309574
0.2670375521557719,144.07243549312994,175.6791993902983,165.55386176508938,0.05714285714285714,0.000522373996608707,10.125337625208914
0.26842837273991654,142.5940392737039,175.30008057833484,165.1965936103723,0.05714285714285714,0.000522373996608707,10.103486967962539
0.2698191933240612,141.09957780686003,174.9144865205257,164.83322341307223,0.05714285714285714,0.000522373996608707,10.08126310745348
0.2712100139082058,139.58950758716597,174.52242980632678,164.46376303704693,0.05714285714285714,0.000522373996608707,10.058666769279853
0.27260083449235045,138.06428987700116,174.12392398855533,164.08822525399188,0.05714285714285714,0.000522373996608707,10.035698734563454
0.27399165507649514,136.52439056566052,173.7189836340819,163.7066237912105,0.05714285714285714,0.000522373996608707,10.012359842871405
0.2753824756606398,134.97028002704548,173.30762437654994,163.31897338129522,0.05714285714285714,0.000522373996608707,9.988650995254716
0.2767732962447844,133.40243297598414,172.88986297119175,162.92528981378416,0.05714285714285714,0.000522373996608707,9.964573157407585
0.27816411682892905,131.8213283232264,172.46571735181368,162.5255899888619,0.05714285714285714,0.000522373996608707,9.940127362951785
0.2795549374130737,130.22744902915696,172.03520669002168,162.11989197317158,0.05714285714285714,0.000522373996608707,9.915314716850105
0.2809457579972183,128.62128195627136,171.59835145676274,161.70821505780933,0.05714285714285714,0.000522373996608707,9.890136398953416
0.282336578581363,127.00331772046025,171.1551734862568,161.29057981857153,0.05714285714285714,0.000522373996608707,9.864593667685284
0.28372739916550765,125.37405054114701,170.7056960423968,160.86700817852775,0.05714285714285714,0.000522373996608707,9.83868786386904
0.2851182197496523,123.73397809032465,170.2499438876944,160.4375234729929,0.05714285714285714,0.000522373996608707,9.812420414701506
0.2865090403337969,122.08360134053811,169.7879433548508,160.00215051697285,0.05714285714285714,0.000522373996608707,9.785792837877949
0.28789986091794156,120.42342441185849,169.31972242103237,159.56091567515938,0.05714285714285714,0.000522373996608707,9.758806745872988
0.2892906815020862,118.75395441789576,168.84531078493194,159.1138469345498,0.05714285714285714,0.000522373996608707,9.731463850382141
0.29068150208623084,117.07570131089692,168.36473994669643,158.66097397976804,0.05714285714285714,0.000522373996608707,9.703765966928387
0.29207232267037553,115.38917772597739,167.8780432908028,158.20232827116405,0.05714285714285714,0.000522373996608707,9.675715019638744
0.29346314325452016,113.69489882453276,167.3852561719629,157.73794312576737,0.05714285714285714,0.000522373996608707,9.647313046195535
0.2948539638386648,111.99338213687864,166.88641600413908,157.26785380117235,0.05714285714285714,0.000522373996608707,9.618562202966729
0.29624478442280944,110.28514740416723,166.38156235274997,156.79209758242965,0.05714285714285714,0.000522373996608707,9.589464770320319
0.2976356050069541,108.57071641962852,165.8707370301467,156.3107138720196,0.05714285714285714,0.000522373996608707,9.560023158127109
0.2990264255910987,106.85061286918449,165.35398419443695,155.8237442829805,0.05714285714285714,0.000522373996608707,9.530239911456448
0.3004172461752434,105.12536217148522,164.83135045173304,155.33123273526365,0.05714285714285714,0.000522373996608707,9.50011771646939
0.30180806675938804,103.39549131741612,164.3028849618978,154.83322555538442,0.05714285714285714,0.000522373996608707,9.469659406513387
0.3031988873435327,101.66152870912408,163.76863954785918,154.32977157943657,0.05714285714285714,0.000522373996608707,9.438867968422613
0.3045897079276773,99.92400399861346,163.22866880856057,153.82092225953255,0.05714285714285714,0.000522373996608707,9.407746549028019
0.30598052851182195,98.1834479259596,162.68303023561032,153.30673177372995,0.05714285714285714,0.000522373996608707,9.376298461880367
0.3073713490959666,96.44039215719043,162.13178433368836,152.78725713949845,0.05714285714285714,0.000522373996608707,9.344527194189908
0.3087621696801113,94.69536912188484,161.57499474476285,152.26255833077707,0.05714285714285714,0.000522373996608707,9.312436413985779
0.3101529902642559,92.94891185053847,161.0127283761625,151.73269839866515,0.05714285714285714,0.000522373996608707,9.28002997749735
0.31154381084840055,91.20155381174499,160.4450555325432,151.19774359578292,0.05714285714285714,0.000522373996608707,9.24731193676027
0.3129346314325452,89.45382874924425,159.87205005177935,150.65776350433075,0.05714285714285714,0.000522373996608707,9.214286547448609
0.3143254520166898,87.70627051888641,159.29378944479984,150.1128311678656,0.05714285714285714,0.000522373996608707,9.180958276934234
0.31571627260083446,85.95941292556145,158.7103550393789,149.56302322680443,0.05714285714285714,0.000522373996608707,9.147331812574464
0.31710709318497915,84.21378956014436,158.12183212787903,149.0082115869807,0.05714285714285714,0.0005237723187401865,9.113620540898324
0.3184979137691238,82.46993363650621,157.5283101189309,148.44798579299706,0.05714285714285714,0.0005299155564661122,9.080324325933844
0.3198887343532684,80.72837782863913,156.92988269301884,147.88290801935474,0.05714285714285714,0.0005376553285751847,9.046974673664096
0.32127955493741306,78.98965410794787,156.32664796192586,147.3136964965625,0.05714285714285714,0.0005427650915316076,9.012951465363358
0.3226703755215577,77.25429358075439,155.7187086319718,146.74077439352044,0.05714285714285714,0.0005429917376030462,8.977934238451354
0.32406119610570233,75.52282632606808,155.10617217096106,146.1635536123912,0.05714285714285714,0.0005429917376030462,8.942618558569848
0.32545201668984697,73.79578123366842,154.4891509787316,145.58210666641793,0.05714285714285714,0.0005429917376030462,8.907044312313673
0.32684283727399166,72.07368584255218,153.867762561175,144.99654428671104,0.05714285714285714,0.0005429917376030462,8.871218274463956
0.3282336578581363,70.35706617979245,153.2421297075714,144.40698218315677,0.05714285714285714,0.0005429917376030462,8.835147524414623
0.32962447844228093,68.64644659985936,152.612380671053,143.81354121447595,0.05714285714285714,0.0005429917376030462,8.798839456577042
0.33101529902642557,66.94234962445265,151.97864935198243,143.2163475610298,0.05714285714285714,0.0005429917376030462,8.76230179095262
0.3324061196105702,65.24529578289284,151.34107548399533,142.61553290013626,0.05714285714285714,0.0005429917376030462,8.725542583859067
0.33379694019471484,63.55580345312218,150.69980482242454,142.01123458363054,0.05714285714285714,0.0005429917376030462,8.688570238794
0.33518776077885953,61.87438870336153,150.05498933478228,141.40359581736521,0.05714285714285714,0.0005429917376030462,8.651393517417063
0.33657858136300417,60.201565134474365,149.40678739293733,140.79276584230735,0.05714285714285714,0.0005429917376030462,8.614021550629985
0.3379694019471488,58.53784372308243,148.75536396657856,140.17890011684796,0.05714285714285714,0.0005429917376030462,8.576463849730601
0.33936022253129344,56.883732665484644,148.1008908175113,139.56216049989627,0.05714285714285714,0.0005429917376030462,8.538730317615034
0.3407510431154381,55.239737222424836,147.4435466942813,138.94271543428263,0.05714285714285714,0.0005429917376030462,8.500831259998677
0.3421418636995827,53.60635956475552,146.78351752656903,138.32074012994516,0.05714285714285714,0.0005429917376030462,8.462777396623864
0.3435326842837274,51.9840986200465,146.12099661874083,137.69528914258154,0.05714285714285714,0.0005511763475382414,8.425707476159289
0.34492350486787204,50.37344992018339,145.4561848418852,137.0658258303471,0.05714285714285714,0.000572950984070756,8.390359011538095
0.3463143254520167,48.77490545000378,144.7892908235985,136.43310980616957,0.05714285714285714,0.0006043796149916966,8.356181017428923
0.3477051460361613,47.188953497016456,144.12053113472197,135.79827160502055,0.05714285714285714,0.0006387795679382424,8.322259529701427
0.34909596662030595,45.6160785022508,143.4501304721631,135.16253514177902,0.05714285714285714,0.0006687099802340622,8.287595330384079
0.3504867872044506,44.05676091228012,142.77832183686292,134.52698366510796,0.05714285714285714,0.0006876929588026625,8.251338171754952
0.3518776077885953,42.51147703246568,142.10534670590079,133.8922383303252,0.05714285714285714,0.0006926358995519948,8.213108375575587
0.3532684283727399,40.98069888146624,141.4314551976507,133.25729499762892,0.05714285714285714,0.0006926358995519948,8.174160200021788
0.35465924895688455,39.46489404705533,140.7569062288278,132.62173220289446,0.05714285714285714,0.0006926358995519948,8.135174025933338
0.3560500695410292,37.96452554329399,140.08196766218578,131.98580232750288,0.05714285714285714,0.0006926358995519948,8.096165334682894
0.3574408901251738,36.4800516690989,139.40691644354567,131.34976631093838,0.05714285714285714,0.0006926358995519948,8.05715013260729
0.35883171070931846,35.01192586825211,138.73203872675876,130.71389376852892,0.05714285714285714,0.0006926358995519948,8.01814495822984
0.3602225312934631,33.560596590892644,138.05762998512446,130.07846309642457,0.05714285714285714,0.0006926358995519948,7.979166888699893
0.3616133518776078,32.12650715653447,137.38399510770955,129.44376156234983,0.05714285714285714,0.0006926358995519948,7.9402335453597175
0.36300417246175243,30.710095618651053,136.71144847893407,128.81008538058992,0.05714285714285714,0.0006926358995519948,7.901363098344149
0.36439499304589706,29.3117946308683,136.04031403971905,128.1777397696043,0.05714285714285714,0.0006926358995519948,7.862574270114749
0.3657858136300417,27.932031314807823,135.3709253284199,127.54703899059432,0.05714285714285714,0.0006926358995519948,7.823886337825584
0.36717663421418634,26.57122712961877,134.7036254997026,126.91830636528846,0.05714285714285714,0.0006926358995519948,7.785319134414152
0.368567454798331,25.22979774324054,134.03876731946343,126.29187427115562,0.05714285714285714,0.0006926358995519948,7.746893048307811
0.36995827538247567,23.908152905433298,133.37671313383817,125.66598876365123,0.05714285714285714,0.0007092980238732985,7.710724370186938
0.3713490959666203,22.606696322617296,132.71783481030704,125.03986452724207,0.05714285714285714,0.0007519462285981059,7.677970283064965
0.37273991655076494,21.32582553455748,132.0625136488654,124.41431736292944,0.05714285714285714,0.0008172995091066152,7.648196285935967
0.3741307371349096,20.06593179293175,131.41114026121286,123.79073377419734,0.05714285714285714,0.0008974716541791501,7.620406487015529
0.3755215577190542,18.82739994182063,130.76411441590534,123.17078761955216,0.05714285714285714,0.0009821546038073523,7.593326796353182
0.37691237830319885,17.610608300153245,130.1218448474219,122.55623266446845,0.05714285714285714,0.0010602502493104906,7.565612182953444
0.37830319888734354,16.4159285461474,129.48474902712684,121.94870585028423,0.05714285714285714,0.0011214642677278529,7.536043176842611
0.3796940194714882,15.24372560377735,128.85325289414925,121.34950469798494,0.05714285714285714,0.0011581605940936617,7.5037481961643095
0.3810848400556328,14.094357531304993,128.2277905442699,120.75923596727802,0.05714285714285714,0.0011683349029221234,7.468554576991892
0.38247566063977745,12.968175411908561,127.60880387499323,120.17630182376273,0.05714285714285714,0.0011683349029221234,7.4325020512305
0.3838664812239221,11.865523246441185,126.9967421850936,119.59988931814755,0.05714285714285714,0.0011683349029221234,7.396852866946048
0.3852573018080667,10.786737848353667,126.3920617270654,119.03042812876038,0.05714285714285714,0.0011683349029221234,7.361633598305019
0.3866481223922114,9.73214874081178,125.79522521107026,118.4683540154732,0.05714285714285714,0.0011683349029221234,7.3268711955970645
0.38803894297635605,8.7020780560416,125.20670125917094,117.91410830572381,0.05714285714285714,0.0011683349029221234,7.2925929534471265
0.3894297635605007,7.696840436930941,124.62696380886318,117.36813733278863,0.05714285714285714,0.0011683349029221234,7.258826476074546
0.3908205841446453,6.716742940920028,124.05649146517352,116.83089182561723,0.05714285714285714,0.0011683349029221234,7.225599639556293
0.39221140472878996,5.762084946208034,123.49576680087341,116.302826249805,0.05714285714285714,0.0011683349029221234,7.192940551068418
0.3936022253129346,4.833158060305863,122.94527560467665,115.784398099579,0.05714285714285714,0.0011683349029221234,7.160877505097659
0.39499304589707923,3.9302460309626213,122.40550607763203,115.27606714099615,0.05714285714285714,0.0011683349029221234,7.129438936635879
0.3963838664812239,3.0536246594923284,121.8769479782972,114.77599153533896,0.05714285714285714,0.0011883768526314425,7.1009564429582355
0.39777468706536856,3.0,121.84446925987238,114.7387994613042,0.05714285714285714,0.0012458765299061894,7.1056697985681865
0.3991655076495132,3.0,121.84446925987238,111.25149267927107,0.08571428571428572,0.0013389950558336443,10.592976580601317
0.40055632823365783,3.0,121.84446925987238,111.23807924330788,0.08571428571428572,0.0014594022082785642,10.606390016564504
0.40194714881780247,3.0,121.84446925987238,111.2229669690745,0.08571428571428572,0.0015950591654071257,10.621502290797878
0.4033379694019471,3.0,121.84446925987238,111.20770064296843,0.08571428571428572,0.0017320989857613181,10.63676861690395
0.4047287899860918,3.0,121.84446925987238,111.19384277690594,0.08571428571428572,0.001856495612854279,10.650626482966445
0.40611961057023643,3.0,121.84446925987238,111.18278934086109,0.08571428571428572,0.001955717971878614,10.661679919011291
0.40751043115438107,3.0,121.84446925987238,111.17556676499356,0.08571428571428572,0.0020205522019682083,10.668902494878822
0.4089012517385257,3.0,121.84446925987238,111.17255082880713,0.08571428571428572,0.0020476250779381433,10.67191843106525
0.41029207232267034,3.0,121.84446925987238,111.17255082880713,0.08571428571428572,0.0020476250779381433,10.67191843106525
0.411682892906815,3.0,121.84446925987238,111.17255082880713,0.08571428571428572,0.0020476250779381433,10.67191843106525
0.41307371349095967,3.0,121.84446925987238,111.17255082880713,0.08571428571428572,0.0020476250779381433,10.67191843106525
0.4144645340751043,3.0,121.84446925987238,111.17255082880713,0.08571428571428572,0.0020476250779381433,10.67191843106525
0.41585535465924894,3.0,121.84446925987238,111.17255082880713,0.08571428571428572,0.0020476250779381433,10.67191843106525
0.4172461752433936,3.0,121.84446925987238,111.17255082880713,0.08571428571428572,0.0020476250779381433,10.67191843106525
0.4186369958275382,3.0,121.84446925987238,111.17255082880713,0.08571428571428572,0.0020476250779381433,10.67191843106525
0.42002781641168285,3.0,121.84446925987238,111.17255082880713,0.08571428571428572,0.0020476250779381433,10.67191843106525
0.42141863699582754,3.0,121.84446925987238,111.17255082880713,0.08571428571428572,0.0020476250779381433,10.67191843106525
0.4228094575799722,3.0,121.84446925987238,111.17255082880713,0.08571428571428572,0.0020476250779381433,10.67191843106525
0.4242002781641168,3.0,121.84446925987238,111.17019853814182,0.08571428571428572,0.0020687406684184316,10.674270721730565
0.42559109874826145,3.0,121.84446925987238,111.163674351371,0.08571428571428572,0.002127305733570299,10.680794908501383
0.4269819193324061,3.0,121.84446925987238,111.15320146025952,0.08571428571428572,0.0022213167684802916,10.69126779961286
0.4283727399165507,3.0,121.84446925987238,111.13972134096981,0.08571428571428572,0.0023423225109869203,10.70474791890257
0.42976356050069536,3.0,121.84446925987238,111.1245834310129,0.08571428571428572,0.0024782095899487473,10.71988582885949
0.43115438108484005,3.0,121.84446925987238,111.1093354742988,0.08571428571428572,0.002615084515477468,10.73513378557358
0.4325452016689847,3.0,121.84446925987238,111.09553787500883,0.08571428571428572,0.002738940151396514,10.748931384863553
0.4339360222531293,3.0,121.84446925987238,111.08457923638255,0.08571428571428572,0.00283731155118433,10.759890023489831
0.43532684283727396,3.0,121.84446925987238,111.07747235528382,0.08571428571428572,0.002901107234722228,10.766996904588567
0.4367176634214186,3.0,121.84446925987238,111.0745688007282,0.08571428571428572,0.0029271713048806265,10.769900459144182
0.43810848400556324,3.0,121.84446925987238,111.0745688007282,0.08571428571428572,0.0029271713048806265,10.769900459144182
0.43949930458970793,3.0,121.84446925987238,111.0745688007282,0.08571428571428572,0.0029271713048806265,10.769900459144182
0.44089012517385257,3.0,121.84446925987238,111.0745688007282,0.08571428571428572,0.0029271713048806265,10.769900459144182
0.4422809457579972,3.0,121.84446925987238,111.0745688007282,0.08571428571428572,0.0029271713048806265,10.769900459144182
0.44367176634214184,3.0,121.84446925987238,111.0745688007282,0.08571428571428572,0.0029271713048806265,10.769900459144182
0.4450625869262865,3.0,121.84446925987238,111.0745688007282,0.08571428571428572,0.0029271713048806265,10.769900459144182
0.4464534075104311,3.0,121.84446925987238,111.0745688007282,0.08571428571428572,0.0029271713048806265,10.769900459144182
0.4478442280945758,3.0,121.84446925987238,111.0745688007282,0.08571428571428572,0.0029271713048806265,10.769900459144182
0.44923504867872044,3.0,121.84446925987238,111.0745688007282,0.08571428571428572,0.0029271713048806265,10.769900459144182
0.4506258692628651,3.0,121.84446925987238,111.0745688007282,0.08571428571428572,0.0029271713048806265,10.769900459144182
0.4520166898470097,3.0,121.84446925987238,111.07210782781839,0.08571428571428572,0.0029492624932329096,10.772361432053998
0.45340751043115435,3.0,121.84446925987238,111.0654666008067,0.08571428571428572,0.003008878182711242,10.779002659065682
0.454798331015299,3.0,121.84446925987238,111.05489502782727,0.08571428571428572,0.0031037750460360565,10.789574232045112
0.4561891515994437,3.0,121.84446925987238,111.04134927947422,0.08571428571428572,0.003225369914897515,10.803119980398165
0.4575799721835883,3.0,121.84446925987238,111.02618693981552,0.08571428571428572,0.003361476289708328,10.818282320056866
0.45897079276773295,3.0,121.84446925987238,111.01095856822053,0.08571428571428572,0.0034981754073062743,10.833510691651853
0.4603616133518776,3.0,121.84446925987238,110.99722231989611,0.08571428571428572,0.0036214803196761257,10.847246939976273
0.4617524339360222,3.0,121.84446925987238,110.98635927683831,0.08571428571428572,0.003718993595548453,10.858109983034069
0.46314325452016686,3.0,121.84446925987238,110.97936839610401,0.08571428571428572,0.0037817479893228973,10.865100863768376
0.4645340751043115,3.0,121.84446925987238,110.97657657228729,0.08571428571428572,0.003806809096471001,10.867892687585098
0.4659248956884562,3.0,121.84446925987238,110.97657657228729,0.08571428571428572,0.003806809096471001,10.867892687585098
0.4673157162726008,3.0,121.84446925987238,110.97657657228729,0.08571428571428572,0.003806809096471001,10.867892687585098
0.46870653685674546,3.0,121.84446925987238,110.97657657228729,0.08571428571428572,0.003806809096471001,10.867892687585098
0.4700973574408901,3.0,121.84446925987238,110.97657657228729,0.08571428571428572,0.003806809096471001,10.867892687585098
0.47148817802503473,3.0,121.84446925987238,110.97657657228729,0.08571428571428572,0.003806809096471001,10.867892687585098
0.47287899860917937,3.0,121.84446925987238,110.97657657228729,0.08571428571428572,0.003806809096471001,10.867892687585098
0.47426981919332406,3.0,121.84446925987238,110.97657657228729,0.08571428571428572,0.003806809096471001,10.867892687585098
0.4756606397774687,3.0,121.84446925987238,110.97657657228729,0.08571428571428572,0.003806809096471001,10.867892687585098
0.47705146036161333,3.0,121.84446925987238,110.97657657228729,0.08571428571428572,0.003806809096471001,10.867892687585098
0.47844228094575797,3.0,121.84446925987238,107.5085585544033,0.11428571428571428,0.003806809096471001,14.33591070546909
0.4798331015299026,3.8192250202481546,122.33881313547428,107.94240468227463,0.11428571428571428,0.0038283536036378104,14.396408453199655
0.48122392211404724,4.7188656363498325,122.8772080400096,108.4113506801475,0.11428571428571428,0.0038843328994189147,14.465857359862099
0.48261474269819193,5.6445560204965375,123.42638576642335,108.88636505303842,0.11428571428571428,0.003971332022001971,14.540020713384934
0.48400556328233657,6.596013413553052,123.98585787118837,109.36796973910792,0.11428571428571428,0.0040802398386214364,14.617888132080452
0.4853963838664812,7.572947185656531,124.55513821904424,109.85703134235014,0.11428571428571428,0.004198992235925045,14.698106876694098
0.48678720445062584,8.575058924991112,125.13374379304649,110.35456154072085,0.11428571428571428,0.004314455658736801,14.77918225232564
0.4881780250347705,9.602042528940345,125.72119545286418,110.86153853206046,0.11428571428571428,0.004414070909098516,14.859656920803715
0.4895688456189151,10.653584297588495,126.31701864106707,111.3787261475609,0.11428571428571428,0.004487471002998457,14.938292493506168
0.4909596662030598,11.729363029542412,126.92074403749517,111.90646024046613,0.11428571428571428,0.004528342033867175,15.014283797029037
0.49235048678720444,12.829050120045082,127.53190816212128,112.4442786333196,0.11428571428571428,0.004537612262283371,15.087629528801685
0.4937413073713491,13.952309661350341,128.150053927106,112.98929482288048,0.11428571428571428,0.004537612262283371,15.16075910422552
0.4951321279554937,15.098798545328677,128.7747311390027,113.54006975820965,0.11428571428571428,0.004537612262283371,15.234661380793057
0.49652294853963835,16.268166568271738,129.405496952297,114.09621298451717,0.11428571428571428,0.004537612262283371,15.309283967779834
0.497913769123783,17.46005653786527,130.04191627566485,114.65734088384596,0.11428571428571428,0.004537612262283371,15.384575391818885
0.4993045897079276,18.67410438229568,130.68356213250024,115.22307699294734,0.11428571428571428,0.004537612262283371,15.460485139552901
0.5006954102920723,19.909939261459044,131.3300159774077,115.793052282331,0.11428571428571428,0.004537612262283371,15.536963695076693
0.502086230876217,21.167183680236505,131.9808679704687,116.36690539808434,0.11428571428571428,0.004537612262283371,15.613962572384352
0.5034770514603616,22.445453603803315,132.6357172111831,116.94428286813759,0.11428571428571428,0.004537612262283371,15.691434343045515
0.5048678720445062,23.744358574935347,133.2941719340556,117.5248392747114,0.11428571428571428,0.004537612262283371,15.769332659344215
0.5062586926286509,25.06350183327666,133.9558496678427,118.10823739472413,0.11428571428571428,0.004537612262283371,15.847612273118571
0.5076495132127955,26.4024804365336,134.6203773605059,118.69413579968234,0.11428571428571428,0.004537717183323199,15.926241560823556
0.5090403337969401,27.760885383556023,135.2873914719261,119.28006415327765,0.11428571428571428,0.004555866530981191,16.00732731864845
0.5104311543810848,29.13830173927022,135.95653803642946,119.86532116139207,0.11428571428571428,0.004595025961805069,16.09121687503739
0.5118219749652294,30.53430876142359,136.62747269715592,120.45019747090574,0.11428571428571428,0.004649974486980164,16.177275226250188
0.5132127955493742,31.948480029104033,137.2998607142709,121.03539327429424,0.11428571428571428,0.004712294220124192,16.264467439976656
0.5146036161335188,33.380383572992685,137.97337694897797,121.62177837430481,0.11428571428571428,0.004772412589843094,16.35159857467316
0.5159944367176634,34.82958200731319,138.64770582524145,122.21019805293518,0.11428571428571428,0.0048212118263740505,16.43750777230626
0.5173852573018081,36.295632663433636,139.32254127106634,122.80126935012201,0.11428571428571428,0.004851668921212903,16.52127192094433
0.5187760778859527,37.778087725083665,139.99758664112252,123.39508506796606,0.11428571428571428,0.004861191746957173,16.60250157315646
0.5201668984700973,39.27649436514279,140.67255462242656,123.99000769105862,0.11428571428571428,0.004861191746957173,16.682546931367938
0.521557719054242,40.79039488396045,141.34716712472425,124.58461699187698,0.11428571428571428,0.004861191746957173,16.762550132847267
0.5229485396383866,42.31932684916325,142.02115515713862,125.17867587953307,0.11428571428571428,0.004861191746957173,16.84247927760555
0.5243393602225312,43.862823236908966,142.69425869257103,125.77195516389064,0.11428571428571428,0.004861191746957173,16.922303528680388
0.5257301808066759,45.420412574542,143.36622652126388,126.36423342649417,0.11428571428571428,0.004861191746957173,17.001993094769716
0.5271210013908205,46.99161908460883,144.03681609485324,126.95529688311552,0.11428571428571428,0.004861191746957173,17.081519211737714
0.5285118219749652,48.57596283018721,144.7057933621608,127.54493923901956,0.11428571428571428,0.004861191746957173,17.160854123141235
0.5299026425591099,50.17295986148728,145.37293259789752,128.13296153798203,0.11428571428571428,0.004861191746957173,17.23997105991549
0.5312934631432545,51.78212236367677,146.03801622537142,128.7191720060227,0.11428571428571428,0.004861191746957173,17.318844219348733
0.5326842837273992,53.402958805888495,146.70083463422105,129.30338589075396,0.11428571428571428,0.004861191746957173,17.397448743467095
0.5340751043115438,55.03497409136209,147.36118599411896,129.88542529717765,0.11428571428571428,0.004861191746957173,17.475760696941308
0.5354659248956884,56.67766970867454,148.01887606532154,130.4651190207019,0.11428571428571428,0.004861191746957173,17.55375704461963
0.5368567454798331,58.330543884014986,148.67371800687303,131.04211415752894,0.11428571428571428,0.004862621099020453,17.63160384934409
0.5382475660639777,59.99309173445461,149.32553218320575,131.61475714304464,0.11428571428571428,0.004876766355586896,17.71077504016111
0.5396383866481224,61.664805422167575,149.97414596981605,132.18304558539865,0.11428571428571428,0.004902335198738282,17.791100384417405
0.541029207232267,63.34517430955367,150.61939355863797,132.7475758274207,0.11428571428571428,0.004933616130417589,17.871817731217277
0.5424200278164116,65.03368511521617,151.26111576367686,133.30915178470755,0.11428571428571428,0.004963490449826704,17.951963978969303
0.5438108484005563,66.7298220707481,151.89915982741613,133.8685478039122,0.11428571428571428,0.0049852218893631966,18.03061202350392
0.5452016689847009,68.43306707827696,152.53337922845589,134.42624777899434,0.11428571428571428,0.004994376701356519,18.107131449461548
0.5465924895688455,70.14289986872231,153.16363349079828,134.9816849958314,0.11428571428571428,0.004994376701356519,18.18194849496689
0.5479833101529903,71.85879816071537,153.7897879951476,135.53350913409773,0.11428571428571428,0.004994376701356519,18.25627886104988
0.5493741307371349,73.58023782013372,154.4117137925533,136.0816065522831,0.11428571428571428,0.004994376701356519,18.330107240270195
0.5507649513212796,75.30669302020284,155.02928742068494,136.62586844418453,0.11428571428571428,0.004994376701356519,18.403418976500404
0.5521557719054242,77.03763640211297,155.6423907229914,137.16619067953295,0.11428571428571428,0.004994376701356519,18.476200043458448
0.5535465924895688,78.7725392361055,156.25091067096437,137.70247364735573,0.11428571428571428,0.004994376701356519,18.548437023608642
0.5549374130737135,80.5108715829769,156.85473918969473,138.23462210224113,0.11428571428571428,0.004994376701356519,18.620117087453593
0.5563282336578581,82.25210245595335,157.45377298688186,138.76254501364573,0.11428571428571428,0.004994376701356519,18.691227973236124
0.5577190542420027,83.99569998288388,158.04791338542978,139.28615541836305,0.11428571428571428,0.004994376701356519,18.76175796706673
0.5591098748261474,85.74113156870555,158.63706615974002,139.80537027624996,0.11428571428571428,0.004994376701356519,18.831695883490056
0.560500695410292,87.48786405812787,159.22114137578842,140.32011032928776,0.11428571428571428,0.004994376701356519,18.901031046500663
0.5618915159944367,89.23536389848987,159.8000532350544,140.83029996403866,0.11428571428571428,0.004994376701356519,18.969753271015747
0.5632823365785813,90.98309730273705,160.37371992235083,141.33586707753955,0.11428571428571428,0.004994376701356519,19.037852844811283
0.564673157162726,92.73053041247154,160.94206345758795,141.8367429466629,0.11428571428571428,0.004994376701356519,19.105320510925054
0.5660639777468707,94.47712946102212,161.5050095514877,142.33249370536532,0.11428571428571428,0.0049969520425821095,19.172515846122366
0.5674547983310153,96.22236093648816,162.06248746525426,142.82232583228213,0.11428571428571428,0.005007170021259003,19.240161632972132
0.56884561891516,97.96569174470467,162.61442987419014,143.30665177660688,0.11428571428571428,0.0050216774969734,19.307778097583252
0.5702364394993046,99.70658937207988,163.16077273524073,143.78617015397668,0.11428571428571428,0.0050352076303340106,19.374602581264043
0.5716272600834492,101.44452204825521,163.70145515843666,144.26153421592815,0.11428571428571428,0.005042896106066245,19.439920942508508
0.5730180806675939,103.17895890853924,164.23641928219814,144.73292796999553,0.11428571428571428,0.005043185936256611,19.503491312202613
0.5744089012517385,104.90937015606369,164.76561015245437,145.19927608231993,0.11428571428571428,0.005043185936256611,19.566334070134445
0.5757997218358831,106.63522722361441,165.2889756055278,145.66049056052594,0.11428571428571428,0.005043185936256611,19.628485045001867
0.5771905424200278,108.35600293508573,165.8064661547244,146.11652779458993,0.11428571428571428,0.005043185936256611,19.689938360134477
0.5785813630041724,110.07117166651096,166.31803488056866,146.56734643684305,0.11428571428571428,0.005043185936256611,19.750688443725608
0.579972183588317,111.7802095066176,166.823637324615,147.01290730839295,0.11428571428571428,0.005043185936256611,19.81073001622204
0.5813630041724617,113.48259441686062,167.32323138676665,147.45317330863614,0.11428571428571428,0.005043185936256611,19.870058078130512
0.5827538247566064,115.17780639088265,167.8167772260277,147.88810932779595,0.11428571428571428,0.005043185936256611,19.928667898231765
0.5841446453407511,116.86532761335368,168.30423716461254,148.3176821624194,0.11428571428571428,0.005043185936256611,19.986555002193143
0.5855354659248957,118.54464261814252,168.78557559533576,148.74186043376463,0.11428571428571428,0.005043185936256611,20.04371516157113
0.5869262865090403,120.21523844576886,169.26075889220195,149.16061450900847,0.11428571428571428,0.005043185936256611,20.10014438319348
0.588317107093185,121.8766048000914,169.72975532411652,149.57391642520432,0.11428571428571428,0.005043185936256611,20.155838898912208
0.5897079276773296,123.52823420418096,170.19253497163564,149.98173981591816,0.11428571428571428,0.005043185936256611,20.210795155717477
0.5910987482614742,125.1696221553339,170.6490696466745,150.3840598404717,0.11428571428571428,0.005043185936256611,20.265009806202784
0.5924895688456189,126.8002672791755,171.09933281509188,150.7808531157204,0.11428571428571428,0.005043185936256611,20.318479699371494
0.5938803894297635,128.4196714828093,171.54329952207124,151.17209765029534,0.11428571428571428,0.005043185936256611,20.371201871775895
0.5952712100139081,130.02734010696292,171.98094632021588,151.55738105482632,0.11428571428571428,0.005045757568546465,20.423565265389556
0.5966620305980528,131.6227820770854,172.41225120027937,151.93661972695648,0.11428571428571428,0.005051301988118707,20.475631473322892
0.5980528511821974,133.20551005335003,172.83719352445183,152.31035224422982,0.11428571428571428,0.005056160573583729,20.526841280222015
0.5994436717663422,134.77504057951575,173.25575396212346,152.67903628770492,0.11428571428571428,0.005057245390495546,20.576717674418546
0.6008344923504868,136.33089423060213,173.66791442804865,153.04224652052122,0.11428571428571428,0.005057245390495546,20.62566790752743
0.6022253129346314,137.87259575933436,174.07365802283488,153.39980198182735,0.11428571428571428,0.005057245390495546,20.673856041007525
0.6036161335187761,139.3996742413101,174.4729689756818,153.75168877384192,0.11428571428571428,0.005057245390495546,20.721280201839875
0.6050069541029207,140.91166321884765,174.86583258929758,154.09789394479674,0.11428571428571428,0.005057245390495546,20.767938644500845
0.6063977746870653,142.4081008434683,175.25223518692138,154.43840544225134,0.11428571428571428,0.005057245390495546,20.813829744670045
0.60778859527121,143.8885300169722,175.63216406138181,154.7732120682014,0.11428571428571428,0.005057245390495546,20.858951993180426
0.6091794158553546,145.35249853106177,176.0056074261231,155.10230343592127,0.11428571428571428,0.005057245390495546,20.903303990201834
0.6105702364394993,146.79955920547263,176.37255436813305,155.4256699284826,0.11428571428571428,0.005057245390495546,20.94688443965046
0.6119610570236439,148.22927002456782,176.7329948027072,155.74330265889068,0.11428571428571428,0.005057245390495546,20.989692143816512
0.6133518776077885,149.64119427235536,177.08691942998664,156.0551934317843,0.11428571428571428,0.005057245390495546,21.031725998202347
0.6147426981919332,151.0349006658857,177.43431969320818,156.3613347066441,0.11428571428571428,0.005057245390495546,21.07298498656408
0.6161335187760778,152.4099634869911,177.77518773860675,156.66171956245734,0.11428571428571428,0.005057245390495546,21.11346817614941
0.6175243393602226,153.7659627123241,178.10951637691292,156.9563416637881,0.11428571428571428,0.005057245390495546,21.153174713124827
0.6189151599443672,155.10248414165653,178.43729904638857,157.24519522820302,0.11428571428571428,0.005057245390495546,21.192103818185558
0.6203059805285118,156.41911952440097,178.75852977734772,157.5282749950058,0.11428571428571428,0.005057245390495546,21.230254782341916
0.6216968011126565,157.71546668431304,179.0732031581077,157.80557619523222,0.11428571428571428,0.005057245390495546,21.267626962875482
0.6230876216968011,158.99112964233984,179.3813143023222,158.0770945228628,0.11428571428571428,0.005057245390495546,21.3042197794594
0.6244784422809457,160.24571873757455,179.68285881764496,158.34262588576803,0.11428571428571428,0.0050585034763600805,21.340232931876926
0.6258692628650904,161.47885074628095,179.97783277567714,158.60243360352675,0.11428571428571428,0.005059339896012355,21.375399172150395
0.627260083449235,162.69014899895274,180.26623268315302,158.8565811642084,0.11428571428571428,0.005059339896012355,21.409651518944628
0.6286509040333796,163.87924349536928,180.54805545431833,159.10493273430103,0.11428571428571428,0.005059339896012355,21.4431227200173
0.6300417246175243,165.04577101761566,180.8232983844594,159.34748593032128,0.11428571428571428,0.005059339896012355,21.475812454138122
0.6314325452016689,166.18937524102984,181.09195912454143,159.5842386822218,0.11428571428571428,0.005059339896012355,21.507720442319624
0.6328233657858136,167.3097068430451,181.3540356569159,159.81518921198384,0.11428571428571428,0.005059339896012355,21.538846444932062
0.6342141863699583,168.40642360989307,181.6095262720593,160.04033601311858,0.11428571428571428,0.005059339896012355,21.569190258940722
0.6356050069541029,169.4791905411353,181.85842954630573,160.2596778310444,0.11428571428571428,0.005059339896012355,21.59875171526133
0.6369958275382476,170.52767995199218,182.10074432053818,160.47321364430903,0.11428571428571428,0.005059339896012355,21.627530676229156
0.6383866481223922,171.55157157343658,182.33646967980465,160.68094264662636,0.11428571428571428,0.005059339896012355,21.655527033178288
0.6397774687065368,172.55055265002187,182.56560493382548,160.8828642296991,0.11428571428571428,0.005059339896012355,21.682740704126388
0.6411682892906815,173.5243180354164,182.78814959836143,161.07897796679956,0.11428571428571428,0.005059339896012355,21.709171631561873
0.6425591098748261,174.47257028561202,183.00410337741152,161.2692835970819,0.11428571428571428,0.005059339896012355,21.734819780329616
0.6439499304589708,175.39501974978103,183.2134661462126,161.45378101060064,0.11428571428571428,0.005059339896012355,21.75968513561196
0.6453407510431154,176.29138465875172,183.41623793501122,161.6324702340101,0.11428571428571428,0.005059339896012355,21.783767701001125
0.64673157162726,177.16139121107753,183.61241891358372,161.80535141692278,0.11428571428571428,0.005059339896012355,21.80706749666095
0.6481223922114047,178.00477365667135,183.8020093764764,161.97242481890265,0.11428571428571428,0.005059339896012355,21.829584557573753
0.6495132127955493,178.821274377981,183.98500972894377,162.13369079707346,0.11428571428571428,0.005059339896012355,21.85131893187031
0.6509040333796939,179.61064396868056,184.16142047356,162.28914979432017,0.11428571428571428,0.005059339896012355,21.872270679239847
0.6522948539638387,180.37264130985318,184.33124219748242,162.43880232806532,0.11428571428571428,0.005059339896012355,21.892439869417103
0.6536856745479833,181.10703364364284,184.49447556034536,162.58264897960055,0.11428571428571428,0.005059339896012355,21.911826580744815
0.655076495132128,181.81359664435212,184.6511212827645,162.7206903839563,0.11428571428571428,0.005059339896012355,21.930430898808197
0.6564673157162726,182.4921144869639,184.8011801354323,162.85292722029232,0.11428571428571428,0.005059339896012355,21.94825291513999
0.6578581363004172,183.14237991306715,184.94465292878667,162.97936020279332,0.11428571428571428,0.005059339896012355,21.96529272599335
0.6592489568845619,183.76419429416495,185.08154050323486,163.0999900720541,0.11428571428571428,0.005059339896012355,21.98155043118075
0.6606397774687065,184.3573676923477,185.21184371991725,163.2148175869401,0.11428571428571428,0.005059339896012355,21.99702613297717
0.6620305980528511,184.9217189183108,185.33556345199426,163.32384351690916,0.11428571428571428,0.005059339896012355,22.011719935085097
0.6634214186369958,185.45707558670034,185.45270057644305,163.42706863478273,0.11428571428571428,0.005059339896012355,22.025631941660322
0.6648122392211404,185.96327416876937,185.56325596634895,163.5244937099525,0.11428571428571428,0.005059339896012355,22.03876225639644
0.666203059805285,186.44016004232927,185.66723048367908,163.61611950201248,0.11428571428571428,0.005059339896012355,22.051110981666596
0.6675938803894297,186.88758753898009,185.76462497252683,163.70194675480576,0.11428571428571428,0.005059339896012355,22.06267821772107
0.6689847009735744,187.30541998860605,185.85544025281388,163.7819761908745,0.11428571428571428,0.005059339896012355,22.073464061939376
0.6703755215577191,187.6935297611226,185.93967711444088,163.85620850630536,0.11428571428571428,0.005059339896012355,22.08346860813552
0.6717663421418637,188.05179830546172,186.01733631187594,163.92464436596063,0.11428571428571428,0.005059339896012355,22.092691945915305
0.6731571627260083,188.38011618578463,186.08841855917177,163.98728439908726,0.11428571428571428,0.005059339896012355,22.101134160084513
0.674547983310153,188.67838311490954,186.15292452540362,164.04412919529653,0.11428571428571428,0.005059339896012355,22.108795330107085
0.6759388038942976,188.94650798494513,186.21085483051917,164.0951793009069,0.11428571428571428,0.005059339896012355,22.115675529612275
0.6773296244784422,189.1844088951202,186.26221004159473,164.14043521564477,0.11428571428571428,0.005059339896012355,22.121774825949956
0.6787204450625869,189.3920131768009,186.30699066948986,164.17989738969658,0.11428571428571428,0.005059339896012355,22.127093279793286
0.6801112656467315,189.56925741568796,186.34519716589597,164.21356622110775,0.11428571428571428,0.005059339896012355,22.131630944788213
0.6815020862308762,189.7160874711868,186.376829920773,164.24144205352394,0.11428571428571428,0.005059339896012355,22.13538786724905
0.6828929068150208,189.8324584929456,186.40188926017055,164.26352517427082,0.11428571428571428,0.005059339896012355,22.138364085899724
0.6842837273991654,189.91833493455482,186.42037544442888,164.2798158127689,0.11428571428571428,0.005059339896012355,22.140559631659983
0.6856745479833101,189.97369056440533,186.43228866675747,164.29031413928075,0.11428571428571428,0.005059339896012355,22.14197452747672
0.6870653685674548,189.99850847370098,186.4376290521882,164.29502026398862,0.11428571428571428,0.005059339896012355,22.142608788199595
0.6884561891515995,189.9927810816235,186.436396656902,158.9941299061945,0.14285714285714288,0.005059339896012355,27.44226675070749
0.6898470097357441,189.95651013764814,186.42859146792676,158.98747359201914,0.14285714285714288,0.005059339896012355,27.441117875907622
0.6912378303198887,189.8897067210093,186.41421340320713,158.9752118881307,0.14285714285714288,0.005059339896012355,27.439001515076427
0.6926286509040334,189.79239123731628,186.3932623120457,158.9573446660135,0.14285714285714288,0.005059339896012355,27.43591764603218
0.694019471488178,189.66459341232024,186.36573797591615,158.93387173930697,0.14285714285714288,0.005059339896012355,27.43186623660918
0.6954102920723226,189.5063522828342,186.33164010965052,158.904792864818,0.14285714285714288,0.005059339896012355,27.426847244832516
0.6968011126564673,189.31771618480903,186.29096836300167,158.87010774385365,0.14285714285714288,0.005059339896012355,27.420860619148016
0.6981919332406119,189.09874273856877,186.24372232258438,158.82981602387645,0.14285714285714288,0.005059339896012355,27.41390629870793
0.6995827538247565,188.8494988312101,186.18990151419808,158.78391730048514,0.14285714285714288,0.005059339896012355,27.40598421371294
0.7009735744089012,188.5700605961713,186.129505405535,158.73241111972433,0.14285714285714288,0.005059339896012355,27.39709428581068
0.7023643949930458,188.2605133899765,186.0625334092789,158.675296980727,0.14285714285714288,0.005059339896012355,27.387236428551887
0.7037552155771906,187.92095176616291,185.98898488659864,158.612574338694,0.14285714285714288,0.005059339896012355,27.37641054790464
0.7051460361613352,187.5514794463991,185.90885915104428,158.5442426082165,0.14285714285714288,0.005059339896012355,27.364616542827775
0.7065368567454798,187.15220928880186,185.82215547285026,158.4703011669458,0.14285714285714288,0.005059339896012355,27.351854305904453
0.7079276773296245,186.72326325346316,185.72887308365443,158.3907493596179,0.14285714285714288,0.005059339896012355,27.338123724036535
0.7093184979137691,186.2647723651965,185.6290111816409,158.3055865024391,0.14285714285714288,0.005059339896012355,27.323424679201793
0.7107093184979137,185.77687667351438,185.52256893711416,158.21481188783991,0.14285714285714288,0.005059339896012355,27.307757049274244
0.7121001390820584,185.25972520984902,185.4095454985159,158.11842478960605,0.14285714285714288,0.005059339896012355,27.291120708909858
0.713490959666203,184.71347594202967,185.28993999889283,158.0164244683943,0.14285714285714288,0.005059339896012355,27.273515530498543
0.7148817802503477,184.1382957260301,185.16375156282783,157.90881017764343,0.14285714285714288,0.005059339896012355,27.254941385184395
0.7162726008344923,183.53436025500133,185.0309793138454,157.79558116988966,0.14285714285714288,0.005059339896012355,27.235398143955734
0.7176634214186369,182.9018540056046,184.89162238230415,157.67673670349734,0.14285714285714288,0.005059339896012355,27.21488567880681
0.7190542420027816,182.24097018166168,184.74567991378984,157.5522760498166,0.14285714285714288,0.005059339896012355,27.19340386397323
0.7204450625869262,181.5519106551392,184.5931510780227,157.4221985007797,0.14285714285714288,0.005059339896012355,27.170952577242986
0.721835883171071,180.83488590448545,184.43403507829427,157.28650337694864,0.14285714285714288,0.005059339896012355,27.147531701345628
0.7232267037552156,180.09011495033846,184.26833116144982,157.14519003602834,0.14285714285714288,0.005059339896012355,27.123141125421483
0.7246175243393602,179.31782528862374,184.09603862843238,156.9982578818586,0.14285714285714288,0.005059339896012355,27.09778074657379
0.7260083449235049,178.5182528210644,183.91715684540705,156.84570637390107,0.14285714285714288,0.005059339896012355,27.071450471505983
0.7273991655076495,177.69164178312332,183.73168525548303,156.68753503723573,0.14285714285714288,0.005059339896012355,27.044150218247296
0.7287899860917941,176.8382446693991,183.53962339105396,156.523743473085,0.14285714285714288,0.005059339896012355,27.01587991796896
0.7301808066759388,175.95832215650023,183.34097088677623,156.35433136988152,0.14285714285714288,0.005059339896012355,26.986639516894712
0.7315716272600834,175.05214302341895,183.13572749320747,156.17929851489927,0.14285714285714288,0.005059339896012355,26.956428978308196
0.732962447844228,174.11998406943098,182.92389309112727,155.99864480646636,0.14285714285714288,0.005059339896012355,26.92524828466091
0.7343532684283727,173.16213002954484,182.70546770656387,155.8123702667798,0.14285714285714288,0.005059339896012355,26.89309743978407
0.7357440890125173,172.17887348752805,182.4804515265522,155.62047505534417,0.14285714285714288,0.005059339896012355,26.85997647120803
0.737134909596662,171.1705147865341,182.24884491564777,155.4229594830547,0.14285714285714288,0.005059339896012355,26.825885432593054
0.7385257301808067,170.1373619373613,182.01064843322487,155.21982402694934,0.14285714285714288,0.005059339896012355,26.790824406275533
0.7399165507649513,169.07973052436802,181.76586285158632,155.01106934565271,0.14285714285714288,0.005059339896012355,26.754793505933606
0.741307371349096,167.99794360907512,181.51448917491453,154.7966962955379,0.14285714285714288,0.005059339896012355,26.717792879376617
0.7426981919332406,166.89233163148512,181.2565286590947,154.57670594763172,0.14285714285714288,0.005059339896012355,26.679822711462975
0.7440890125173852,165.76323230914554,180.9919828324414,154.35109960529044,0.14285714285714288,0.005059339896012355,26.640883227150965
0.7454798331015299,164.61099053399133,180.7208535173631,154.1198788226754,0.14285714285714288,0.005059339896012355,26.60097469468772
0.7468706536856745,163.43595826699485,180.44314285299754,153.88304542405672,0.14285714285714288,0.005059339896012355,26.56009742894082
0.7482614742698191,162.23849443065671,180.15885331885582,153.64060152397704,0.14285714285714288,0.005059339896012355,26.51825179487878
0.7496522948539638,161.01896479937017,179.867987759511,153.39254954830614,0.14285714285714288,0.005059339896012355,26.475438211204875
0.7510431154381084,159.77774188769263,179.57054941037126,153.13889225622043,0.14285714285714288,0.005059339896012355,26.431657154150827
0.7524339360222531,158.51520483655787,179.26654192457715,152.8796327631411,0.14285714285714288,0.005059339896012355,26.38690916143605
0.7538247566063977,157.2317392974657,178.9559694010656,152.61477456466733,0.14285714285714288,0.005059339896012355,26.341194836398273
0.7552155771905423,155.92773731468026,178.63883641384328,152.34432156154068,0.14285714285714288,0.005059339896012355,26.294514852302598
0.7566063977746871,154.60359720547814,178.31514804251492,152.06827808568005,0.14285714285714288,0.005059339896012355,26.24686995683487
0.7579972183588317,153.259723438479,177.98490990411307,151.786648927326,0.14285714285714288,0.005059339896012355,26.198260976787054
0.7593880389429764,151.89652651009774,177.64812818627763,151.49943936333673,0.14285714285714288,0.005059339896012355,26.148688822940898
0.760778859527121,150.51442281915485,177.30480968183446,151.20665518667678,0.14285714285714288,0.005059339896012355,26.098154495157672
0.7621696801112656,149.1138345396854,176.95496182482583,150.9083027371441,0.14285714285714288,0.005059339896012355,26.046659087681718
0.7635605006954103,147.69518949198118,176.5985927280446,150.60438893337937,0.14285714285714288,0.005059339896012355,25.994203794665225
0.7649513212795549,146.25892101191067,176.23571122212851,150.29492130620594,0.14285714285714288,0.005059339896012355,25.94078991592258
0.7663421418636995,144.80546781855332,175.8663268962703,149.97990803334756,0.14285714285714288,0.005059339896012355,25.88641886292274
0.7677329624478442,143.3352738801892,175.49045014060263,149.65935797557466,0.14285714285714288,0.005059339896012355,25.831092165027968
0.7691237830319888,141.84878827868573,175.10809219031836,149.33328071433021,0.14285714285714288,0.005059339896012355,25.774811475988145
0.7705146036161334,140.34646507232222,174.71926517158704,149.0016865908878,0.14285714285714288,0.005059339896012355,25.71757858069924
0.7719054242002781,138.82876315709382,174.32398214933278,148.66458674709676,0.14285714285714288,0.005059339896012355,25.659395402236015
0.7732962447844228,137.29614612653978,173.9222571769381,148.32199316776996,0.14285714285714288,0.005059339896012355,25.600264009168143
0.7746870653685675,135.7490821301332,173.51410534794053,147.97391872477095,0.14285714285714288,0.005059339896012355,25.540186623169575
0.7760778859527121,134.18804373028263,173.09954284979204,147.6203772228605,0.14285714285714288,0.005059339896012355,25.479165626931547
0.7774687065368567,132.61350775798388,172.67858701975052,147.26138344736094,0.14285714285714288,0.005059339896012355,25.41720357238958
0.7788595271210014,131.0259551671682,172.25125640297583,146.89695321370112,0.14285714285714288,0.005059339896012355,25.354303189274702
0.780250347705146,129.42587088779243,171.81757081290442,146.52710341890406,0.14285714285714288,0.005059339896012355,25.29046739400036
0.7816411682892906,127.81374367771147,171.37755139397564,146.15185209508044,0.14285714285714288,0.005059339896012355,25.225699298895194
0.7830319888734353,126.19006597338506,170.9312206867887,145.77121846499477,0.14285714285714288,0.005059339896012355,25.160002221793917
0.7844228094575799,124.55533373945872,170.47860269576543,145.3852229997688,0.14285714285714288,0.005059339896012355,25.093379695996617
0.7858136300417246,122.91004631726776,170.0197229593988,144.9938874787897,0.14285714285714288,0.005059339896012355,25.02583548060909
0.7872044506258692,121.25470627230965,169.5546086231659,144.5972350518908,0.14285714285714288,0.005059339896012355,24.9573735712751
0.7885952712100138,119.58981924073154,169.0832885151865,144.1952903038737,0.14285714285714288,0.005059339896012355,24.887998211312805
0.7899860917941585,117.91589377487998,168.605793224707,143.7880793214398,0.14285714285714288,0.005059339896012355,24.81771390326722
0.7913769123783032,116.23344118795927,168.12215518349254,143.37562976260207,0.14285714285714288,0.005059339896012355,24.746525420890464
0.7927677329624478,114.54297539784847,167.63240875020693,142.95797092864487,0.14285714285714288,0.005059339896012355,24.674437821562066
0.7941585535465925,112.84501277011915,167.1365902978628,142.5351338387017,0.14285714285714288,0.005059339896012355,24.601456459161085
0.7955493741307371,111.14007196030906,166.63473830442229,142.1071513070204,0.14285714285714288,0.005059339896012355,24.527586997401897
0.7969401947148818,109.42867375549444,166.12689344662837,141.67405802298276,0.14285714285714288,0.005059339896012355,24.45283542364561
0.7983310152990264,107.71134091521141,165.61309869714515,141.23589063394667,0.14285714285714288,0.005059339896012355,24.37720806319848
0.799721835883171,105.98859801177645,165.09339942508478,140.79268783097584,0.14285714285714288,0.005059339896012355,24.300711594108947
0.8011126564673157,104.2609712700497,164.56784349999515,140.34449043752133,0.14285714285714288,0.005059339896012355,24.22335306247382
0.8025034770514603,102.52898840669708,164.0364813993816,139.89134150111676,0.14285714285714288,0.005059339896012355,24.14513989826486
0.8038942976356049,100.79317846899482,163.49936631983127,139.43328638814566,0.14285714285714288,0.005059339896012355,24.066079931685607
0.8052851182197496,99.05407167322795,162.95655429180525,138.97037288173715,0.14285714285714288,0.005059339896012355,23.9861814100681
0.8066759388038942,97.3121992427318,162.40810429815994,138.50265128284158,0.14285714285714288,0.005059339896012355,23.905453015318358
0.808066759388039,95.56809324562535,161.85407839645225,138.03017451453323,0.14285714285714288,0.005059339896012355,23.823903881919023
0.8094575799721836,93.82228643228852,161.29454184507915,137.5529982295828,0.14285714285714288,0.005059339896012355,23.74154361549634
0.8108484005563282,92.07531207262736,160.7295632332923,137.07118092133496,0.14285714285714288,0.005059339896012355,23.658382311957354
0.8122392211404729,90.32770379318409,160.15921461512426,136.58478403792108,0.14285714285714288,0.005059339896012355,23.574430577203174
0.8136300417246175,88.57999541413656,159.5835716472501,136.09387209982887,0.14285714285714288,0.005059339896012355,23.489699547421225
0.8150208623087621,86.83272078623881,159.0027137308003,135.598512820841,0.14285714285714288,0.005059339896012355,23.404200909959314
0.8164116828929068,85.08641362775231,158.4167241571288,135.09877723234717,0.14285714285714288,0.005059339896012355,23.317946924781637
0.8178025034770514,83.34160736141727,157.82569025752704,134.5942030037536,0.14285714285714288,0.005063308040517553,23.23148725377345
0.819193324061196,81.59883495151615,157.22970355686212,134.084937376076,0.14285714285714288,0.005070776068839095,23.14476618078612
0.8205841446453407,79.8586287410735,156.628859931098,133.57161141864512,0.14285714285714288,0.0050776930660279725,23.057248512452873
0.8219749652294853,78.12152028924913,156.02325976864734,133.05481009808415,0.14285714285714288,0.005080319362154665,22.96844967056319
0.82336578581363,76.38804020896907,155.4130081354759,132.5343946466696,0.14285714285714288,0.005080319362154665,22.87861348880631
0.8247566063977746,74.6587180048458,154.79821494386604,132.01010620736548,0.14285714285714288,0.005080319362154665,22.78810873650056
0.8261474269819193,72.93408191143666,154.17899512471857,131.48204279189906,0.14285714285714288,0.005080319362154665,22.696952332819507
0.827538247566064,71.2146587318921,153.5554688032526,130.95030684165144,0.14285714285714288,0.005080319362154665,22.60516196160117
0.8289290681502086,69.50097367703749,152.92776147792864,130.41500538024115,0.14285714285714288,0.005080319362154665,22.512756097687486
0.8303198887343533,67.79355020494495,152.29600420239908,129.87625016868927,0.14285714285714288,0.005080319362154665,22.419754033709808
0.8317107093184979,66.09290986103872,151.6603337702517,129.33415786296672,0.14285714285714288,0.005080319362154665,22.326175907284977
0.8331015299026425,64.39957211878522,151.02089290228116,128.78885017369697,0.14285714285714288,0.005080319362154665,22.23204272858419
0.8344923504867872,62.71405422101586,150.37783043598466,128.24045402775593,0.14285714285714288,0.005080319362154665,22.137376408228732
0.8358831710709318,61.03687102193109,149.73130151694,127.68910173147673,0.14285714285714288,0.005080319362154665,22.042199785463268
0.8372739916550764,59.36853482983554,149.08146779168,127.134931135131,0.14285714285714288,0.005080319362154665,21.946536656549014
0.8386648122392211,57.70955525064757,148.42849760163173,126.57808579831767,0.14285714285714288,0.005080319362154665,21.85041180331406
0.8400556328233657,56.060439032237625,147.77256617764337,126.01871515585354,0.14285714285714288,0.005080319362154665,21.753851021789828
0.8414464534075103,54.42168990963797,147.11385583456635,125.45697468371037,0.14285714285714288,0.005080319362154665,21.65688115085598
0.8428372739916551,52.79380845117295,146.4525561653084,124.89278996230452,0.14285714285714288,0.005082200193531087,21.55976620300389
0.8442280945757997,51.17729190555632,145.78886423371506,124.32490431113384,0.14285714285714288,0.005097388893852021,21.463959922581225
0.8456189151599444,49.57263405000416,145.1229847655767,123.75366124923688,0.14285714285714288,0.005124710667541727,21.369323516339804
0.847009735744089,47.98032503940491,144.45513033699353,123.17995864614194,0.14285714285714288,0.005158547027183194,21.275171690851593
0.8484005563282336,46.400851256599196,143.78552155926786,122.60489236904975,0.14285714285714288,0.005191624677839751,21.180629190218113
0.8497913769123783,44.83469516381011,143.1143872594198,122.02953818820254,0.14285714285714288,0.00521675507832411,21.084849071217263
0.8511821974965229,43.28233515527157,142.44196465535455,121.45472016751944,0.14285714285714288,0.005228733880383592,20.987244487835113
0.8525730180806675,41.74424541109907,141.76849952463286,120.88048265828336,0.14285714285714288,0.005228733880383592,20.888016866349503
0.8539638386648122,40.220895752447895,141.09424636572285,120.30557322807702,0.14285714285714288,0.005228733880383592,20.78867313764583
0.8553546592489568,38.71275149800227,140.41946855053158,119.73021644387651,0.14285714285714288,0.005228733880383592,20.68925210665506
0.8567454798331015,37.22027332184155,139.7444384669385,119.15464456022677,0.14285714285714288,0.005228733880383592,20.589793906711733
0.8581363004172461,35.74391711272199,139.0694376499703,118.57909763108914,0.14285714285714288,0.005228733880383592,20.490340018881156
0.8595271210013907,34.284133834823216,138.39475690018136,118.00382361077993,0.14285714285714288,0.005228733880383592,20.39093328940143
0.8609179415855355,32.84136938999762,137.7206963877216,117.42907844270493,0.14285714285714288,0.005228733880383592,20.291617945016668
0.8623087621696801,31.416064481565883,137.0475657404976,116.85512613453098,0.14285714285714288,0.005228733880383592,20.192439605966612
0.8636995827538247,30.00865447970203,136.3756841147576,116.28223881837108,0.14285714285714288,0.005228733880383592,20.09344529638652
0.8650904033379694,28.619569288444524,135.7053802463578,115.71069679449714,0.14285714285714288,0.005228733880383592,19.994683451860666
0.866481223922114,27.24923321438,135.03699248090138,115.14078855703832,0.14285714285714288,0.005228733880383592,19.896203923863055
0.8678720445062587,25.898064837035335,134.37086878087763,114.5728108000684,0.14285714285714288,0.005228733880383592,19.798057980809233
0.8692628650904033,24.56647688101934,133.70736670787323,114.00647758962512,0.14285714285714288,0.005233889031007609,19.700889118248114
0.8706536856745479,23.254876089952916,133.0468533778812,113.43990538541495,0.14285714285714288,0.005263537446527242,19.60694799246626
0.8720445062586926,21.963663102226135,132.38970538769354,112.87338609940836,0.14285714285714288,0.005318300767081875,19.516319288285175
0.8734353268428372,20.693232328620198,131.73630871033834,112.30796120599527,0.14285714285714288,0.005392241341545663,19.428347504343066
0.8748261474269818,19.443971831831476,131.08705855750677,111.7450458474012,0.14285714285714288,0.005476043250222413,19.342012710105564
0.8762169680111265,18.216263207935725,130.44235920691779,111.18621869365789,0.14285714285714288,0.005558808263860788,19.256140513259894
0.8776077885952712,17.01048146982528,129.80262379258227,110.63304227245902,0.14285714285714288,0.0056296330538568775,19.169581520123245
0.8789986091794159,15.82699493265946,129.16827405596757,110.08687747662495,0.14285714285714288,0.00567928674384811,19.081396579342623
0.8803894297635605,14.666165101359681,128.53974005611468,109.54864539252691,0.14285714285714288,0.005702416216546139,18.991094663587774
0.8817802503477051,13.528346560184872,127.91745983683892,109.01825272287348,0.14285714285714288,0.005702883154108334,18.89920711396543
0.8831710709318498,12.413886864421812,127.30187904924504,108.49362112091036,0.14285714285714288,0.005702883154108334,18.808257928334683
0.8845618915159944,11.323126434220484,126.69345052791174,107.9750850712802,0.14285714285714288,0.005702883154108334,18.71836545663153
0.885952712100139,10.256398450611059,126.09263381925476,107.46303622456266,0.14285714285714288,0.005702883154108334,18.6295975946921
0.8873435326842837,9.214028753730929,125.49989466075561,106.95787150770207,0.14285714285714288,0.005702883154108334,18.54202315305355
0.8887343532684283,8.19633574329444,124.91570440995264,106.45999263736246,0.14285714285714288,0.005702883154108334,18.455711772590178
0.890125173852573,7.2036302813353075,124.34053942233062,105.96980558973108,0.14285714285714288,0.005702883154108334,18.37073383259954
0.8915159944367176,6.236215597251345,123.77488037751355,105.48772002626302,0.14285714285714288,0.005702883154108334,18.287160351250535
0.8929068150208622,5.2943871951808745,123.21921155346638,105.01414867511623,0.14285714285714288,0.005702883154108334,18.205062878350148
0.8942976356050069,4.3784327637384735,122.6740200487407,104.54950666830685,0.14285714285714288,0.005702883154108334,18.124513380433854
0.8956884561891516,3.488632088139127,122.1397949531607,104.09376599713676,0.14285714285714288,0.005707132198547339,18.046028956023946
0.8970792767732962,3.0,121.84446925987238,103.83805902669384,0.14285714285714288,0.005745579313655786,18.006410233178542
0.8984700973574409,3.0,121.84446925987238,100.36911427426536,0.17142857142857143,0.005821612970734674,21.475354985607026
0.8998609179415855,3.0,121.84446925987238,100.35820240609164,0.17142857142857143,0.005929697450495892,21.486266853780748
0.9012517385257302,3.0,121.84446925987238,100.34510916341523,0.17142857142857143,0.00605938892958423,21.499360096457153
0.9026425591098748,3.0,121.84446925987238,100.33116400003871,0.17142857142857143,0.006197518872572956,21.513305259833672
0.9040333796940194,3.0,121.84446925987238,100.31779553448611,0.17142857142857143,0.00632993649542669,21.526673725386274
0.9054242002781641,3.0,121.84446925987238,100.3063656927712,0.17142857142857143,0.006443151618249167,21.53810356710119
0.9068150208623087,3.0,121.84446925987238,100.29799738047132,0.17142857142857143,0.006526041611695862,21.546471879401068
0.9082058414464533,3.0,121.84446925987238,100.29336737152674,0.17142857142857143,0.006571902879454668,21.55110188834564
0.909596662030598,3.0,121.84446925987238,100.29233946034377,0.17142857142857143,0.0065820845682070545,21.552129799528615
0.9109874826147426,3.0,121.84446925987238,100.29233946034377,0.17142857142857143,0.0065820845682070545,21.552129799528615
0.9123783031988874,3.0,121.84446925987238,100.29233946034377,0.17142857142857143,0.0065820845682070545,21.552129799528615
0.913769123783032,3.0,121.84446925987238,100.29233946034377,0.17142857142857143,0.0065820845682070545,21.552129799528615
0.9151599443671766,3.0,121.84446925987238,100.29233946034377,0.17142857142857143,0.0065820845682070545,21.552129799528615
0.9165507649513213,3.0,121.84446925987238,100.29233946034377,0.17142857142857143,0.0065820845682070545,21.552129799528615
0.9179415855354659,3.0,121.84446925987238,100.29233946034377,0.17142857142857143,0.0065820845682070545,21.552129799528615
0.9193324061196105,3.0,121.84446925987238,100.29233946034377,0.17142857142857143,0.0065820845682070545,21.552129799528615
0.9207232267037552,3.0,121.84446925987238,100.29233946034377,0.17142857142857143,0.0065820845682070545,21.552129799528615
0.9221140472878998,3.0,121.84446925987238,100.29233946034377,0.17142857142857143,0.0065820845682070545,21.552129799528615
0.9235048678720444,3.0,121.84446925987238,100.29178457896755,0.17142857142857143,0.00658758079157815,21.552684680904832
0.9248956884561891,3.0,121.84446925987238,100.28779564819,0.17142857142857143,0.006627092037593139,21.556673611682385
0.9262865090403337,3.0,121.84446925987238,100.28001918210117,0.17142857142857143,0.006704119662763228,21.564450077771212
0.9276773296244784,3.0,121.84446925987238,100.26903077560054,0.17142857142857143,0.006812962271665479,21.575438484271842
0.929068150208623,3.0,121.84446925987238,100.25589507485977,0.17142857142857143,0.006943074307319018,21.588574185012618
0.9304589707927677,3.0,121.84446925987238,100.24194657150197,0.17142857142857143,0.007081237333564677,21.602522688370414
0.9318497913769124,3.0,121.84446925987238,100.22861426523224,0.17142857142857143,0.007213296790684129,21.615854994640145
0.933240611961057,3.0,121.84446925987238,100.2172558403692,0.17142857142857143,0.007325804513713952,21.627213419503178
0.9346314325452016,3.0,121.84446925987238,100.20898488653943,0.17142857142857143,0.007407730149873469,21.635484373332957
0.9360222531293463,3.0,121.84446925987238,100.20446196807085,0.17142857142857143,0.007452530662663335,21.64000729180154
0.9374130737134909,3.0,121.84446925987238,100.20351754952877,0.17142857142857143,0.007461885338248875,21.640951710343614
0.9388038942976356,3.0,121.84446925987238,100.20351754952877,0.17142857142857143,0.007461885338248875,21.640951710343614
0.9401947148817802,3.0,121.84446925987238,100.20351754952877,0.17142857142857143,0.007461885338248875,21.640951710343614
0.9415855354659248,3.0,121.84446925987238,100.20351754952877,0.17142857142857143,0.007461885338248875,21.640951710343614
0.9429763560500695,3.0,121.84446925987238,100.20351754952877,0.17142857142857143,0.007461885338248875,21.640951710343614
0.9443671766342141,3.0,121.84446925987238,100.20351754952877,0.17142857142857143,0.007461885338248875,21.640951710343614
0.9457579972183587,3.0,121.84446925987238,100.20351754952877,0.17142857142857143,0.007461885338248875,21.640951710343614
0.9471488178025035,3.0,121.84446925987238,100.20351754952877,0.17142857142857143,0.007461885338248875,21.640951710343614
0.9485396383866481,3.0,121.84446925987238,100.20351754952877,0.17142857142857143,0.007461885338248875,21.640951710343614
0.9499304589707928,3.0,121.84446925987238,100.20351754952877,0.17142857142857143,0.007461885338248875,21.640951710343614
0.9513212795549374,3.0,121.84446925987238,100.20288892391088,0.17142857142857143,0.007468112014725688,21.641580335961507
0.952712100139082,3.0,121.84446925987238,100.19879347026615,0.17142857142857143,0.00750867839341791,21.64567578960623
0.9541029207232267,3.0,121.84446925987238,100.1909171225226,0.17142857142857143,0.007586695368579873,21.653552137349777
0.9554937413073713,3.0,121.84446925987238,100.17985301244457,0.17142857142857143,0.0076962878382437795,21.664616247427816
0.9568845618915159,3.0,121.84446925987238,100.16667589438727,0.17142857142857143,0.007826810121623855,21.677793365485115
0.9582753824756606,3.0,121.84446925987238,100.1527251642129,0.17142857142857143,0.007964995204982594,21.691744095659487
0.9596662030598052,3.0,121.84446925987238,100.13943007573435,0.17142857142857143,0.008096686011607531,21.70503918413803
0.9610570236439498,3.0,121.84446925987238,100.12814393973514,0.17142857142857143,0.00820847769737284,21.716325320137244
0.9624478442280945,3.0,121.84446925987238,100.11997087399553,0.17142857142857143,0.008289433730240653,21.724498385876856
0.9638386648122391,3.0,121.84446925987238,100.11555497955625,0.17142857142857143,0.008333174146230873,21.728914280316133
0.9652294853963839,3.0,121.84446925987238,100.114692354069,0.17142857142857143,0.008341718643427167,21.729776905803377
0.9666203059805285,3.0,121.84446925987238,100.114692354069,0.17142857142857143,0.008341718643427167,21.729776905803377
0.9680111265646731,3.0,121.84446925987238,100.114692354069,0.17142857142857143,0.008341718643427167,21.729776905803377
0.9694019471488178,3.0,121.84446925987238,100.114692354069,0.17142857142857143,0.008341718643427167,21.729776905803377
0.9707927677329624,3.0,121.84446925987238,100.114692354069,0.17142857142857143,0.008341718643427167,21.729776905803377
0.972183588317107,3.0,121.84446925987238,100.114692354069,0.17142857142857143,0.008341718643427167,21.729776905803377
0.9735744089012517,3.0,121.84446925987238,100.114692354069,0.17142857142857143,0.008341718643427167,21.729776905803377
0.9749652294853963,3.0,121.84446925987238,100.114692354069,0.17142857142857143,0.008341718643427167,21.729776905803377
0.976356050069541,3.0,121.84446925987238,100.114692354069,0.17142857142857143,0.008341718643427167,21.729776905803377
0.9777468706536856,3.0,121.84446925987238,96.66246158323906,0.2,0.008341718643427167,25.18200767663332
0.9791376912378302,3.3792595639866363,122.07381230028473,96.84376986794359,0.2,0.008348227569467525,25.230042432341136
0.9805285118219749,4.2657717446759875,122.60663214032216,97.26267482602607,0.2,0.008386892208349034,25.34395731429609
0.9819193324061196,5.178472094369283,123.1504796224578,97.68697536783444,0.2,0.008459247709456729,25.46350425462336
0.9833101529902643,6.117081821835853,123.70486546881,98.11690260427666,0.2,0.008558573742850219,25.58796286453334
0.9847009735744089,7.081314221629597,124.26930228551456,98.55311042529128,0.2,0.008674018716415497,25.716191860223276
0.9860917941585535,8.070874761664669,124.84330539843677,98.99646956284515,0.2,0.008792769795520686,25.84683583559162
0.9874826147426982,9.085461173183631,125.42639363740078,99.44790029087466,0.2,0.008901780888600316,25.978493346526122
0.9888734353268428,10.124763543086914,126.01809006849086,99.90821237933162,0.2,0.008989380760418286,26.109877689159248
0.9902642559109874,11.188464408598463,126.61792267434815,100.37793223339169,0.2,0.009046960796811712,26.23999044095646
0.9916550764951321,12.27623885423698,127.22542498271623,100.85706784262484,0.2,0.009071222828235578,26.36835714009139
0.9930458970792767,13.387754611063897,127.84013664379584,101.34437622232632,0.2,0.009071222828235578,26.495760421469527
0.9944367176634213,14.522672158177443,128.4616039572402,101.83704009829722,0.2,0.009071222828235578,26.624563858942963
0.995827538247566,15.680644826422082,129.089380349866,102.33470545276282,0.2,0.009071222828235578,26.754674897103172
0.9972183588317106,16.86131890428034,129.72302680536794,102.83702425861063,0.2,0.009071222828235578,26.88600254675731
0.9986091794158553,18.064333745917978,130.3621122475085,103.34365478316151,0.2,0.009071222828235578,27.01845746434698
1.0,19.28932188134516,131.00621387840812,103.85426185634688,0.2,0.009071222828235578,27.151952022061238
